date,f107_obs,f107_adj,f107_ursi,n_days,n_measurements
1947-02-28,202.8,198.4,178.6,8,8
1947-03-31,235.7,233.4,210.1,24,24
1947-04-30,264.2,265.8,239.3,24,24
1947-05-31,261.2,267.1,240.4,26,26
1947-06-30,226.6,233.8,210.4,24,24
1947-07-31,215.2,222.2,200.0,26,26
1947-08-31,231.2,237.1,213.4,26,26
1947-09-30,199.7,201.9,181.7,25,25
1947-10-31,209.1,207.6,186.9,26,26
1947-11-30,179.8,175.8,158.2,24,24
1947-12-31,176.4,170.9,153.8,27,27
1948-01-31,155.7,150.7,135.6,26,26
1948-02-29,134.3,131.0,117.9,26,26
1948-03-31,135.5,134.1,120.7,26,26
1948-04-30,208.1,209.8,188.8,28,28
1948-05-31,226.5,231.5,208.4,26,26
1948-06-30,195.5,201.8,181.6,26,26
1948-07-31,182.8,188.7,169.8,28,28
1948-08-31,172.8,177.2,159.5,29,29
1948-09-30,163.7,165.5,148.9,23,23
1948-10-31,159.2,158.0,142.2,29,29
1948-11-30,165.4,161.8,145.6,26,26
1948-12-31,193.3,187.2,168.5,27,27
1949-01-31,183.5,177.7,159.9,26,26
1949-02-28,220.2,214.9,193.4,25,25
1949-03-31,203.9,201.8,181.6,28,28
1949-04-30,182.5,183.9,165.5,25,25
1949-05-31,154.9,158.4,142.5,25,25
1949-06-30,157.5,162.6,146.3,28,28
1949-07-31,159.9,165.1,148.5,29,29
1949-08-31,175.2,179.4,161.5,29,29
1949-09-30,172.5,174.3,156.9,27,27
1949-10-31,178.2,177.1,159.4,28,28
1949-11-30,180.4,176.4,158.8,26,26
1949-12-31,165.2,160.1,144.1,24,24
1950-01-31,150.7,146.0,131.4,24,24
1950-02-28,143.3,139.9,125.9,23,23
1950-03-31,137.8,136.4,122.8,26,26
1950-04-30,164.3,165.5,148.9,20,20
1950-05-31,157.1,160.5,144.5,23,23
1950-06-30,128.7,132.8,119.5,22,22
1950-07-31,134.1,138.5,124.6,18,18
1950-08-31,120.9,123.9,111.5,22,22
1950-09-30,98.5,99.6,89.6,24,24
1950-10-31,99.9,99.2,89.3,21,21
1950-11-30,101.9,99.7,89.7,22,22
1950-12-31,101.1,98.0,88.2,22,22
1951-01-31,107.9,104.5,94.1,22,22
1951-02-28,101.8,99.4,89.4,21,21
1951-03-31,102.5,101.5,91.3,21,21
1951-04-30,127.1,128.0,115.2,22,22
1951-05-31,168.6,172.4,155.2,27,27
1951-06-30,161.7,166.9,150.2,22,22
1951-07-31,116.4,120.2,108.2,20,20
1951-08-31,109.8,112.5,101.3,23,23
1951-09-30,117.8,119.0,107.2,20,20
1951-10-31,106.0,105.3,94.7,26,26
1951-11-30,104.4,102.0,91.8,26,26
1951-12-31,102.4,99.2,89.3,24,24
1952-01-31,95.4,92.3,83.1,22,22
1952-02-29,86.2,84.1,75.7,22,22
1952-03-31,78.5,77.8,70.0,21,21
1952-04-30,83.9,84.5,76.1,21,21
1952-05-31,80.8,82.7,74.4,28,28
1952-06-30,84.8,87.6,78.8,29,29
1952-07-31,88.8,91.7,82.5,31,31
1952-08-31,93.2,95.5,86.0,27,27
1952-09-30,81.5,82.3,74.1,26,26
1952-10-31,82.8,82.2,74.0,29,29
1952-11-30,83.4,81.5,73.3,24,24
1952-12-31,85.7,83.0,74.7,20,20
1953-01-31,83.1,80.5,72.4,22,22
1953-02-28,72.8,71.0,63.9,20,20
1953-03-31,70.4,69.7,62.7,19,19
1953-04-30,80.9,81.5,73.4,23,23
1953-05-31,72.5,74.1,66.7,23,23
1953-06-30,73.0,75.3,67.8,25,25
1953-07-31,69.8,72.1,64.9,29,29
1953-08-31,75.4,77.3,69.6,25,25
1953-09-30,74.3,75.1,67.5,26,26
1953-10-31,71.9,71.4,64.3,27,27
1953-11-30,71.4,69.8,62.8,26,26
1953-12-31,70.7,68.5,61.7,23,23
1954-01-31,68.7,66.5,59.8,22,22
1954-02-28,69.1,67.4,60.7,18,18
1954-03-31,71.9,71.1,64.0,24,24
1954-04-30,68.7,69.2,62.3,27,27
1954-05-31,68.0,69.5,62.6,25,25
1954-06-30,67.3,69.4,62.5,30,30
1954-07-31,67.7,70.0,63.0,25,25
1954-08-31,69.8,71.6,64.4,28,28
1954-09-30,70.1,70.8,63.7,25,25
1954-10-31,73.1,72.6,65.4,25,25
1954-11-30,72.5,71.0,63.9,23,23
1954-12-31,75.4,73.1,65.8,26,26
1955-01-31,84.2,81.6,73.4,27,27
1955-02-28,82.0,80.0,72.0,26,26
1955-03-31,74.8,74.0,66.6,24,24
1955-04-30,77.3,77.8,70.0,28,28
1955-05-31,82.7,84.6,76.2,28,28
1955-06-30,88.8,91.7,82.5,28,28
1955-07-31,87.3,90.2,81.1,29,29
1955-08-31,90.6,92.9,83.6,28,28
1955-09-30,95.0,96.1,86.5,28,28
1955-10-31,111.8,111.0,99.9,28,28
1955-11-30,130.0,127.2,114.4,30,30
1955-12-31,134.6,130.4,117.3,31,31
1956-01-31,141.2,136.7,123.0,30,30
1956-02-29,167.2,163.3,146.9,28,28
1956-03-31,160.6,159.1,143.2,29,29
1956-04-30,165.9,167.2,150.5,26,26
1956-05-31,163.4,167.1,150.4,31,31
1956-06-30,154.0,158.9,143.0,29,29
1956-07-31,162.8,168.1,151.3,28,28
1956-08-31,193.8,198.5,178.7,29,29
1956-09-30,200.9,203.0,182.7,29,29
1956-10-31,201.6,200.2,180.2,31,31
1956-11-30,250.4,244.9,220.4,30,30
1956-12-31,253.7,245.8,221.2,29,29
1957-01-31,231.2,223.9,201.5,30,30
1957-02-28,186.7,182.3,164.0,28,28
1957-03-31,197.8,195.9,176.3,31,31
1957-04-30,200.0,201.5,181.3,30,30
1957-05-31,208.5,213.2,191.9,30,30
1957-06-30,252.1,260.2,234.2,30,30
1957-07-31,218.0,225.1,202.6,31,31
1957-08-31,202.3,207.3,186.5,31,31
1957-09-30,267.1,269.8,242.8,30,30
1957-10-31,283.1,281.1,253.0,31,31
1957-11-30,259.2,253.5,228.1,30,30
1957-12-31,286.5,277.5,249.8,30,30
1958-01-31,251.5,243.5,219.1,31,31
1958-02-28,212.2,207.1,186.4,27,27
1958-03-31,251.6,249.2,224.3,31,31
1958-04-30,245.9,247.5,222.8,30,30
1958-05-31,218.6,223.5,201.1,30,30
1958-06-30,220.5,227.4,204.7,30,30
1958-07-31,224.1,231.4,208.2,31,31
1958-08-31,237.0,242.8,218.5,31,31
1958-09-30,243.5,246.2,221.5,30,30
1958-10-31,228.0,226.4,203.8,31,31
1958-11-30,209.2,204.6,184.1,30,30
1958-12-31,238.2,230.8,207.7,30,30
1959-01-31,274.5,265.7,239.2,30,30
1959-02-28,207.9,202.9,182.6,28,28
1959-03-31,229.1,227.0,204.3,31,31
1959-04-30,210.6,212.0,190.8,30,30
1959-05-31,212.7,217.5,195.7,31,31
1959-06-30,217.5,224.4,201.9,30,30
1959-07-31,203.0,209.6,188.7,31,31
1959-08-31,234.2,239.9,216.0,31,31
1959-09-30,194.3,196.5,176.9,30,30
1959-10-31,165.1,164.1,147.7,27,27
1959-11-30,184.8,180.7,162.6,30,30
1959-12-31,182.2,176.5,158.9,30,30
1960-01-31,202.6,196.1,176.5,30,30
1960-02-29,170.9,166.7,150.0,28,28
1960-03-31,146.8,145.4,130.8,29,29
1960-04-30,167.6,168.8,151.9,30,30
1960-05-31,162.7,166.4,149.8,31,31
1960-06-30,161.9,167.0,150.3,30,30
1960-07-31,163.9,169.3,152.4,31,31
1960-08-31,174.4,178.7,160.8,31,31
1960-09-30,164.5,166.2,149.6,30,30
1960-10-31,142.3,141.3,127.2,31,31
1960-11-30,148.9,145.6,131.1,30,30
1960-12-31,138.1,133.8,120.4,31,31
1961-01-31,121.9,118.1,106.3,31,31
1961-02-28,106.4,103.8,93.4,28,28
1961-03-31,104.8,103.8,93.4,31,31
1961-04-30,105.0,105.8,95.2,30,30
1961-05-31,99.3,101.5,91.4,31,31
1961-06-30,109.9,113.4,102.1,30,30
1961-07-31,116.5,120.3,108.2,31,31
1961-08-31,106.2,108.9,98.0,31,31
1961-09-30,112.7,113.9,102.5,30,30
1961-10-31,96.6,96.0,86.4,31,31
1961-11-30,90.3,88.3,79.5,30,30
1961-12-31,94.8,91.8,82.6,30,30
1962-01-31,94.9,91.9,82.7,29,29
1962-02-28,102.2,99.8,89.8,28,28
1962-03-31,100.3,99.3,89.4,31,31
1962-04-30,96.1,96.9,87.2,30,30
1962-05-31,97.8,100.0,90.0,31,31
1962-06-30,91.0,93.8,84.5,28,28
1962-07-31,80.7,83.3,75.0,28,28
1962-08-31,77.3,79.2,71.3,31,31
1962-09-30,89.4,90.4,81.4,30,30
1962-10-31,87.8,87.2,78.5,31,31
1962-11-30,84.8,83.0,74.7,29,29
1962-12-31,81.9,79.4,71.5,25,25
1963-01-31,79.5,77.0,69.3,29,29
1963-02-28,79.7,77.7,70.0,28,28
1963-03-31,77.8,77.0,69.3,31,31
1963-04-30,79.4,79.9,71.9,30,30
1963-05-31,87.7,89.7,80.7,31,31
1963-06-30,83.5,86.2,77.5,30,30
1963-07-31,75.9,78.4,70.6,31,31
1963-08-31,80.9,82.9,74.6,31,31
1963-09-30,85.1,86.0,77.4,30,30
1963-10-31,85.0,84.5,76.0,31,31
1963-11-30,81.6,79.8,71.8,30,30
1963-12-31,78.4,76.0,68.4,30,30
1964-01-31,75.4,73.0,65.7,30,30
1964-02-29,76.7,74.9,67.4,29,29
1964-03-31,75.8,75.1,67.6,31,31
1964-04-30,72.6,73.1,65.8,30,30
1964-05-31,69.4,71.0,63.9,31,31
1964-06-30,69.0,71.2,64.1,30,30
1964-07-31,67.0,69.2,62.3,31,31
1964-08-31,69.3,71.0,63.9,31,31
1964-09-30,70.1,70.9,63.8,30,30
1964-10-31,73.3,72.8,65.5,31,31
1964-11-30,73.7,72.1,64.8,30,30
1964-12-31,78.8,76.3,68.7,31,31
1965-01-31,78.5,76.1,68.4,31,31
1965-02-28,75.2,73.4,66.0,28,28
1965-03-31,74.1,73.3,66.0,31,31
1965-04-30,72.0,72.5,65.2,30,30
1965-05-31,78.2,79.9,71.9,31,31
1965-06-30,77.0,79.4,71.5,30,30
1965-07-31,74.3,76.8,69.1,31,31
1965-08-31,74.7,76.5,68.9,31,31
1965-09-30,76.5,77.3,69.6,30,30
1965-10-31,80.1,79.6,71.7,31,31
1965-11-30,77.6,75.9,68.3,30,30
1965-12-31,77.7,75.3,67.8,31,31
1966-01-31,87.9,85.1,76.6,31,31
1966-02-28,84.2,82.2,74.0,28,28
1966-03-31,90.3,89.4,80.5,31,31
1966-04-30,97.2,97.8,88.1,30,30
1966-05-31,98.5,100.8,90.7,31,31
1966-06-30,96.3,99.4,89.4,30,30
1966-07-31,106.7,110.1,99.1,31,31
1966-08-31,106.6,109.2,98.3,31,31
1966-09-30,110.9,112.0,100.8,30,30
1966-10-31,108.6,107.9,97.1,31,31
1966-11-30,113.3,110.8,99.8,30,30
1966-12-31,124.6,120.7,108.6,31,31
1967-01-31,147.7,143.0,128.7,31,31
1967-02-28,147.0,143.5,129.1,28,28
1967-03-31,160.6,158.9,143.0,31,31
1967-04-30,129.9,130.8,117.7,30,30
1967-05-31,143.0,146.2,131.6,31,31
1967-06-30,120.2,124.0,111.6,30,30
1967-07-31,140.3,144.9,130.4,31,31
1967-08-31,153.7,157.5,141.8,31,31
1967-09-30,132.1,133.5,120.2,30,30
1967-10-31,136.1,135.1,121.6,31,31
1967-11-30,145.3,142.1,127.9,30,30
1967-12-31,163.0,157.9,142.1,31,31
1968-01-31,189.1,183.1,164.8,31,31
1968-02-29,173.2,169.0,152.1,29,29
1968-03-31,142.6,141.3,127.1,31,31
1968-04-30,129.5,130.4,117.4,30,30
1968-05-31,154.9,158.4,142.6,31,31
1968-06-30,142.3,146.8,132.1,30,30
1968-07-31,137.2,141.6,127.5,31,31
1968-08-31,142.2,145.7,131.1,31,31
1968-09-30,141.0,142.4,128.1,30,30
1968-10-31,152.5,151.4,136.2,31,31
1968-11-30,138.5,135.5,121.9,30,30
1968-12-31,148.4,143.8,129.4,31,31
1969-01-31,152.7,147.8,133.0,31,31
1969-02-28,155.2,151.6,136.4,28,28
1969-03-31,172.3,170.7,153.6,31,31
1969-04-30,155.5,156.6,140.9,30,30
1969-05-31,145.4,148.7,133.8,31,31
1969-06-30,162.2,167.3,150.6,30,30
1969-07-31,136.6,141.1,127.0,31,31
1969-08-31,143.0,146.6,131.9,31,31
1969-09-30,137.3,138.7,124.8,30,30
1969-10-31,154.0,152.9,137.6,31,31
1969-11-30,156.7,153.2,137.9,30,30
1969-12-31,143.6,139.1,125.2,31,31
1970-01-31,158.3,153.2,137.9,31,31
1970-02-28,175.4,171.3,154.1,28,28
1970-03-31,158.4,156.8,141.1,31,31
1970-04-30,162.0,163.1,146.8,30,30
1970-05-31,168.4,172.1,154.9,31,31
1970-06-30,154.9,159.9,143.9,30,30
1970-07-31,152.0,157.0,141.3,31,31
1970-08-31,138.2,141.6,127.5,31,31
1970-09-30,143.2,144.8,130.3,30,30
1970-10-31,148.3,147.2,132.5,31,31
1970-11-30,162.0,158.5,142.6,30,30
1970-12-31,152.8,148.0,133.2,31,31
1971-01-31,162.6,157.4,141.7,31,31
1971-02-28,137.8,134.5,121.0,28,28
1971-03-31,111.9,110.8,99.7,31,31
1971-04-30,116.7,117.5,105.7,30,30
1971-05-31,109.9,112.3,101.1,31,31
1971-06-30,101.7,104.9,94.4,30,30
1971-07-31,117.4,121.2,109.1,31,31
1971-08-31,114.1,116.9,105.2,31,31
1971-09-30,104.0,105.1,94.6,30,30
1971-10-31,107.2,106.5,95.8,31,31
1971-11-30,114.0,111.5,100.4,30,30
1971-12-31,124.5,120.6,108.6,31,31
1972-01-31,114.8,111.1,100.0,31,31
1972-02-29,141.8,138.4,124.6,29,29
1972-03-31,128.5,127.2,114.5,31,31
1972-04-30,112.9,113.7,102.3,30,30
1972-05-31,129.6,132.5,119.3,31,31
1972-06-30,135.4,139.7,125.8,30,30
1972-07-31,122.0,126.0,113.4,31,31
1972-08-31,125.7,128.8,115.9,31,31
1972-09-30,113.6,114.8,103.3,30,30
1972-10-31,121.1,120.2,108.2,30,30
1972-11-30,101.6,99.4,89.4,30,30
1972-12-31,102.9,99.7,89.7,31,31
1973-01-31,102.2,99.0,89.1,31,31
1973-02-28,98.7,96.3,86.7,28,28
1973-03-31,100.4,99.4,89.4,31,31
1973-04-30,105.0,105.8,95.2,30,30
1973-05-31,97.0,99.1,89.2,31,31
1973-06-30,91.2,94.2,84.7,30,30
1973-07-31,84.5,87.2,78.5,31,31
1973-08-31,82.9,84.9,76.4,31,31
1973-09-30,105.6,106.8,96.1,30,30
1973-10-31,87.7,87.1,78.4,31,31
1973-11-30,81.5,79.7,71.7,30,30
1973-12-31,84.2,81.5,73.4,31,31
1974-01-31,83.1,80.4,72.4,31,31
1974-02-28,80.9,78.9,71.0,28,28
1974-03-31,79.2,78.4,70.6,31,31
1974-04-30,86.1,86.7,78.0,30,30
1974-05-31,90.6,92.6,83.3,31,31
1974-06-30,86.3,89.0,80.1,30,30
1974-07-31,92.5,95.5,86.0,31,31
1974-08-31,83.0,85.1,76.6,31,31
1974-09-30,87.8,88.7,79.8,30,30
1974-10-31,97.6,97.1,87.4,31,31
1974-11-30,90.3,88.3,79.5,30,30
1974-12-31,81.1,78.6,70.7,31,31
1975-01-31,77.5,75.0,67.5,31,31
1975-02-28,74.2,72.4,65.1,28,28
1975-03-31,72.4,71.6,64.5,31,31
1975-04-30,70.7,71.2,64.1,30,30
1975-05-31,70.1,71.6,64.5,31,31
1975-06-30,69.7,71.9,64.7,30,30
1975-07-31,77.2,79.7,71.7,31,31
1975-08-31,90.4,92.7,83.4,31,31
1975-09-30,79.6,80.4,72.4,30,30
1975-10-31,75.7,75.3,67.7,31,31
1975-11-30,80.8,79.1,71.2,30,30
1975-12-31,74.6,72.3,65.1,31,31
1976-01-31,74.7,72.4,65.1,31,31
1976-02-29,70.5,68.9,62.0,29,29
1976-03-31,76.7,76.0,68.3,31,31
1976-04-30,76.3,76.8,69.2,30,30
1976-05-31,70.6,72.2,65.0,31,31
1976-06-30,70.6,72.8,65.5,30,30
1976-07-31,67.5,69.8,62.8,31,31
1976-08-31,74.8,76.6,69.0,31,31
1976-09-30,73.1,73.8,66.5,30,30
1976-10-31,75.9,75.4,67.9,31,31
1976-11-30,72.9,71.3,64.1,30,30
1976-12-31,76.7,74.3,66.9,31,31
1977-01-31,77.4,75.0,67.5,31,31
1977-02-28,82.3,80.3,72.3,28,28
1977-03-31,76.6,75.8,68.2,31,31
1977-04-30,77.6,78.2,70.4,30,30
1977-05-31,79.6,81.4,73.3,31,31
1977-06-30,91.5,94.4,85.0,30,30
1977-07-31,81.1,83.7,75.3,31,31
1977-08-31,84.3,86.3,77.7,31,31
1977-09-30,100.2,101.2,91.1,30,30
1977-10-31,96.9,96.3,86.7,31,31
1977-11-30,93.7,91.6,82.5,30,30
1977-12-31,102.1,98.9,89.0,31,31
1978-01-31,109.6,106.1,95.5,31,31
1978-02-28,145.4,141.9,127.7,28,28
1978-03-31,141.8,140.3,126.3,31,31
1978-04-30,149.4,150.5,135.4,30,30
1978-05-31,146.5,149.7,134.8,31,31
1978-06-30,142.2,146.7,132.0,30,30
1978-07-31,131.1,135.4,121.8,31,31
1978-08-31,114.0,116.9,105.2,31,31
1978-09-30,157.9,159.6,143.6,30,30
1978-10-31,158.2,157.1,141.4,31,31
1978-11-30,151.5,148.3,133.4,30,30
1978-12-31,175.5,170.0,153.0,31,31
1979-01-31,203.0,196.5,176.9,31,31
1979-02-28,204.1,199.2,179.2,28,28
1979-03-31,185.8,183.9,165.6,31,31
1979-04-30,173.8,174.9,157.5,30,30
1979-05-31,165.2,168.8,151.9,31,31
1979-06-30,180.3,186.0,167.4,30,30
1979-07-31,165.9,171.4,154.2,31,31
1979-08-31,172.7,177.0,159.3,31,31
1979-09-30,200.2,202.3,182.1,30,30
1979-10-31,217.9,216.5,194.8,31,31
1979-11-30,231.8,226.9,204.2,30,30
1979-12-31,203.5,197.2,177.5,31,31
1980-01-31,206.2,199.6,179.6,31,31
1980-02-29,200.0,195.1,175.6,29,29
1980-03-31,168.1,166.5,149.8,31,31
1980-04-30,207.9,209.4,188.5,30,30
1980-05-31,224.0,229.2,206.2,31,31
1980-06-30,193.2,199.3,179.4,30,30
1980-07-31,184.8,190.8,171.7,31,31
1980-08-31,166.2,170.3,153.2,31,31
1980-09-30,183.9,185.8,167.2,30,30
1980-10-31,204.2,202.8,182.6,31,31
1980-11-30,218.1,213.4,192.0,30,30
1980-12-31,227.4,220.3,198.3,31,31
1981-01-31,174.6,169.0,152.1,31,31
1981-02-28,204.5,199.7,179.7,28,28
1981-03-31,205.3,203.2,182.9,31,31
1981-04-30,223.2,224.7,202.3,30,30
1981-05-31,194.6,198.9,179.0,31,31
1981-06-30,156.9,161.9,145.7,30,30
1981-07-31,191.9,198.2,178.4,31,31
1981-08-31,220.6,225.9,203.3,31,31
1981-09-30,219.5,221.9,199.7,30,30
1981-10-31,224.3,222.8,200.5,31,31
1981-11-30,207.8,203.3,183.0,30,30
1981-12-31,207.8,201.4,181.2,31,31
1982-01-31,179.0,173.4,156.0,31,31
1982-02-28,214.2,209.0,188.1,28,28
1982-03-31,210.5,208.3,187.5,31,31
1982-04-30,161.8,163.0,146.7,30,30
1982-05-31,144.7,147.9,133.1,31,31
1982-06-30,171.9,177.4,159.6,30,30
1982-07-31,159.6,164.8,148.3,31,31
1982-08-31,167.9,172.1,154.9,31,31
1982-09-30,165.3,167.0,150.3,30,30
1982-10-31,161.9,160.9,144.8,31,31
1982-11-30,167.4,163.7,147.3,30,30
1982-12-31,199.4,193.2,173.9,31,31
1983-01-31,142.3,137.7,124.0,31,31
1983-02-28,122.6,119.6,107.7,28,28
1983-03-31,118.6,117.3,105.6,31,31
1983-04-30,118.9,119.9,107.9,30,30
1983-05-31,137.1,140.1,126.1,31,31
1983-06-30,138.6,143.0,128.7,30,30
1983-07-31,125.0,129.1,116.2,31,31
1983-08-31,124.4,127.5,114.8,31,31
1983-09-30,109.0,110.2,99.2,30,30
1983-10-31,112.4,111.8,100.6,31,31
1983-11-30,92.5,90.4,81.4,29,29
1983-12-31,93.4,90.5,81.5,31,31
1984-01-31,116.1,112.4,101.2,31,31
1984-02-29,140.6,137.2,123.5,29,29
1984-03-31,122.0,120.9,108.8,31,31
1984-04-30,128.7,129.7,116.7,30,30
1984-05-31,128.3,131.2,118.0,31,31
1984-06-30,100.3,103.5,93.1,30,30
1984-07-31,89.3,92.2,83.0,31,31
1984-08-31,83.7,85.7,77.2,31,31
1984-09-30,78.1,78.9,71.0,30,30
1984-10-31,73.5,73.1,65.7,31,31
1984-11-30,76.3,74.6,67.1,30,30
1984-12-31,75.9,73.5,66.1,31,31
1985-01-31,74.5,72.1,64.9,31,31
1985-02-28,73.7,71.9,64.7,28,28
1985-03-31,73.3,72.5,65.3,31,31
1985-04-30,75.1,75.7,68.1,30,30
1985-05-31,80.2,82.0,73.8,31,31
1985-06-30,76.1,78.5,70.6,30,30
1985-07-31,78.7,81.3,73.2,31,31
1985-08-31,71.5,73.3,65.9,31,31
1985-09-30,69.5,70.2,63.2,30,30
1985-10-31,74.7,74.2,66.7,31,31
1985-11-30,74.2,72.6,65.4,30,30
1985-12-31,74.8,72.4,65.2,31,31
1986-01-31,73.2,70.9,63.8,31,31
1986-02-28,83.6,81.5,73.4,28,28
1986-03-31,77.0,76.2,68.6,31,31
1986-04-30,75.1,75.6,68.0,30,30
1986-05-31,72.6,74.2,66.8,31,31
1986-06-30,67.6,69.7,62.8,30,30
1986-07-31,70.2,72.5,65.3,31,31
1986-08-31,68.4,70.1,63.1,31,31
1986-09-30,68.7,69.4,62.5,30,30
1986-10-31,83.0,82.4,74.1,31,31
1986-11-30,77.1,75.5,67.9,30,30
1986-12-31,72.6,70.4,63.3,31,31
1987-01-31,72.5,70.2,63.2,31,31
1987-02-28,71.5,69.8,62.8,28,28
1987-03-31,74.0,73.3,65.9,31,31
1987-04-30,84.9,85.5,76.9,30,30
1987-05-31,87.8,89.7,80.8,31,31
1987-06-30,77.9,80.4,72.4,30,30
1987-07-31,84.2,87.0,78.3,31,31
1987-08-31,90.0,92.2,83.0,31,31
1987-09-30,86.1,87.0,78.3,30,30
1987-10-31,98.1,97.5,87.7,31,31
1987-11-30,101.2,99.0,89.1,30,30
1987-12-31,94.4,91.5,82.3,31,31
1988-01-31,108.0,104.6,94.1,31,31
1988-02-29,105.0,102.4,92.2,29,29
1988-03-31,114.9,113.8,102.5,31,31
1988-04-30,122.7,123.6,111.2,30,30
1988-05-31,115.2,117.9,106.1,31,31
1988-06-30,139.4,143.8,129.4,30,30
1988-07-31,152.7,157.6,141.9,31,31
1988-08-31,154.2,158.0,142.2,31,31
1988-09-30,152.5,154.1,138.7,30,30
1988-10-31,169.8,168.7,151.9,31,31
1988-11-30,156.2,152.8,137.5,30,30
1988-12-31,199.8,193.5,174.2,31,31
1989-01-31,235.4,227.8,205.1,31,31
1989-02-28,222.4,217.0,195.3,28,28
1989-03-31,205.1,203.0,182.7,31,31
1989-04-30,189.6,190.9,171.8,30,30
1989-05-31,190.1,194.4,175.0,31,31
1989-06-30,239.6,247.2,222.5,30,30
1989-07-31,181.9,187.8,169.0,31,31
1989-08-31,217.1,222.5,200.3,31,31
1989-09-30,225.9,228.4,205.6,30,30
1989-10-31,208.7,207.4,186.6,31,31
1989-11-30,235.1,230.0,207.0,30,30
1989-12-31,213.0,206.3,185.7,31,31
1990-01-31,210.1,203.4,183.1,31,31
1990-02-28,178.3,174.1,156.7,28,28
1990-03-31,188.8,187.0,168.3,31,31
1990-04-30,185.3,186.6,168.0,30,30
1990-05-31,189.7,194.0,174.6,31,31
1990-06-30,170.9,176.3,158.7,30,30
1990-07-31,180.7,186.6,167.9,31,31
1990-08-31,222.6,228.1,205.3,31,31
1990-09-30,177.4,179.3,161.3,30,30
1990-10-31,182.0,180.9,162.8,31,31
1990-11-30,184.3,180.3,162.2,30,30
1990-12-31,204.9,198.5,178.7,31,31
1991-01-31,229.4,222.1,199.9,31,31
1991-02-28,243.0,237.2,213.5,28,28
1991-03-31,230.0,227.6,204.9,31,31
1991-04-30,198.8,200.1,180.1,30,30
1991-05-31,190.3,194.5,175.1,31,31
1991-06-30,206.8,213.3,192.0,30,30
1991-07-31,212.0,218.9,197.0,31,31
1991-08-31,210.3,215.5,194.0,31,31
1991-09-30,180.6,182.5,164.3,30,30
1991-10-31,201.3,200.0,180.0,31,31
1991-11-30,172.0,168.3,151.5,30,30
1991-12-31,223.9,217.0,195.3,31,31
1992-01-31,217.6,210.6,189.6,31,31
1992-02-29,232.1,226.5,203.8,29,29
1992-03-31,171.3,169.6,152.7,31,31
1992-04-30,158.5,159.7,143.7,30,30
1992-05-31,125.4,128.2,115.3,31,31
1992-06-30,116.7,120.4,108.4,30,30
1992-07-31,132.2,136.5,122.9,31,31
1992-08-31,122.1,125.1,112.6,31,31
1992-09-30,116.8,118.0,106.2,30,30
1992-10-31,131.7,130.7,117.7,31,31
1992-11-30,145.2,142.0,127.8,29,29
1992-12-31,139.1,134.7,121.3,31,31
1993-01-31,121.0,117.2,105.4,31,31
1993-02-28,142.6,139.1,125.2,28,28
1993-03-31,136.4,135.0,121.5,31,31
1993-04-30,115.9,116.7,105.0,30,30
1993-05-31,112.3,114.9,103.4,31,31
1993-06-30,109.3,112.8,101.5,30,30
1993-07-31,99.0,102.2,92.0,31,31
1993-08-31,93.7,96.0,86.4,31,31
1993-09-30,87.0,87.9,79.1,30,30
1993-10-31,100.3,99.7,89.7,31,31
1993-11-30,95.9,93.8,84.4,30,30
1993-12-31,104.8,101.5,91.4,31,31
1994-01-31,115.0,111.3,100.2,31,31
1994-02-28,99.6,97.2,87.5,28,28
1994-03-31,90.4,89.5,80.6,31,31
1994-04-30,79.1,79.7,71.7,30,30
1994-05-31,79.9,81.7,73.5,31,31
1994-06-30,77.3,79.7,71.8,30,30
1994-07-31,80.5,83.2,74.8,31,31
1994-08-31,76.1,78.0,70.2,31,31
1994-09-30,79.1,79.9,71.9,30,30
1994-10-31,87.7,87.1,78.4,31,31
1994-11-30,80.9,79.1,71.2,30,30
1994-12-31,84.1,81.5,73.3,31,31
1995-01-31,82.6,80.0,72.0,31,31
1995-02-28,85.5,83.5,75.1,28,28
1995-03-31,85.0,84.2,75.8,31,31
1995-04-30,77.6,78.2,70.4,30,30
1995-05-31,75.4,77.1,69.4,31,31
1995-06-30,75.7,78.1,70.3,30,30
1995-07-31,73.9,76.3,68.7,31,31
1995-08-31,73.7,75.7,68.1,31,31
1995-09-30,71.9,72.8,65.5,30,30
1995-10-31,77.9,77.5,69.7,31,31
1995-11-30,74.2,72.6,65.4,29,29
1995-12-31,72.6,70.3,63.3,31,31
1996-01-31,74.5,72.1,64.9,31,31
1996-02-29,71.6,69.8,62.8,29,61
1996-03-31,70.7,70.0,63.0,31,93
1996-04-30,69.4,69.9,62.9,30,90
1996-05-31,70.2,71.7,64.6,31,92
1996-06-30,69.9,72.1,64.9,30,90
1996-07-31,71.4,73.7,66.3,31,93
1996-08-31,72.4,74.2,66.8,31,93
1996-09-30,69.4,70.1,63.1,30,90
1996-10-31,69.2,68.7,61.9,30,90
1996-11-30,78.8,77.1,69.3,30,90
1996-12-31,76.1,73.7,66.3,31,93
1997-01-31,73.9,71.6,64.4,31,93
1997-02-28,73.7,72.0,64.8,28,84
1997-03-31,73.4,72.7,65.4,31,93
1997-04-30,74.5,75.1,67.6,30,90
1997-05-31,74.7,76.4,68.8,31,92
1997-06-30,71.9,74.2,66.8,30,90
1997-07-31,71.3,73.6,66.2,31,93
1997-08-31,79.1,81.0,72.9,31,93
1997-09-30,95.9,96.9,87.2,30,90
1997-10-31,84.9,84.3,75.9,31,93
1997-11-30,99.5,97.3,87.6,30,90
1997-12-31,97.9,94.8,85.3,31,93
1998-01-31,93.3,90.3,81.3,31,93
1998-02-28,93.3,91.1,82.0,28,84
1998-03-31,109.3,108.2,97.4,31,93
1998-04-30,108.3,109.0,98.1,30,90
1998-05-31,107.0,109.3,98.4,31,93
1998-06-30,108.5,112.0,100.8,30,90
1998-07-31,113.9,117.6,105.8,31,93
1998-08-31,135.9,139.3,125.4,31,93
1998-09-30,138.0,139.6,125.6,30,90
1998-10-31,117.6,116.8,105.1,31,93
1998-11-30,139.8,136.7,123.0,30,90
1998-12-31,150.2,145.5,130.9,31,93
1999-01-31,141.7,137.2,123.5,31,93
1999-02-28,142.0,138.6,124.7,28,84
1999-03-31,126.3,124.9,112.4,31,92
1999-04-30,117.0,117.8,106.0,30,90
1999-05-31,148.6,151.9,136.7,31,93
1999-06-30,169.6,174.9,157.4,30,90
1999-07-31,164.1,169.4,152.5,31,93
1999-08-31,171.2,175.5,157.9,31,92
1999-09-30,135.6,137.0,123.3,30,90
1999-10-31,165.1,164.0,147.6,31,93
1999-11-30,191.8,187.6,168.9,30,90
1999-12-31,170.0,164.7,148.2,31,93
2000-01-31,158.7,153.7,138.3,31,93
2000-02-29,173.2,169.1,152.2,29,87
2000-03-31,208.7,206.7,186.0,31,93
2000-04-30,184.1,185.5,166.9,30,90
2000-05-31,184.1,188.3,169.4,31,92
2000-06-30,179.2,184.9,166.4,30,90
2000-07-31,202.6,209.2,188.3,31,93
2000-08-31,163.2,167.3,150.6,31,93
2000-09-30,182.3,184.1,165.7,30,90
2000-10-31,168.0,166.8,150.1,31,93
2000-11-30,179.3,175.3,157.8,30,90
2000-12-31,173.2,167.8,151.0,31,93
2001-01-31,166.7,161.4,145.2,31,93
2001-02-28,146.8,143.3,129.0,28,83
2001-03-31,177.8,176.2,158.6,31,93
2001-04-30,180.8,182.1,163.9,30,87
2001-05-31,147.3,150.5,135.5,31,93
2001-06-30,173.9,179.4,161.4,30,90
2001-07-31,131.7,135.9,122.3,31,93
2001-08-31,163.1,167.1,150.4,31,92
2001-09-30,234.1,236.5,212.9,30,90
2001-10-31,209.1,207.7,186.9,31,93
2001-11-30,215.2,210.5,189.5,30,90
2001-12-31,238.3,230.9,207.8,31,92
2002-01-31,227.1,219.9,197.9,31,93
2002-02-28,204.6,199.7,179.7,28,83
2002-03-31,179.5,177.7,159.9,31,93
2002-04-30,189.9,191.2,172.1,30,90
2002-05-31,179.1,183.1,164.8,31,93
2002-06-30,149.2,153.9,138.5,30,90
2002-07-31,175.3,180.9,162.9,31,93
2002-08-31,183.4,187.9,169.2,31,92
2002-09-30,176.2,178.1,160.3,30,90
2002-10-31,167.5,166.4,149.7,31,93
2002-11-30,168.8,165.1,148.6,30,90
2002-12-31,157.0,152.1,136.9,31,93
2003-01-31,143.9,139.3,125.4,31,93
2003-02-28,124.5,121.4,109.3,28,84
2003-03-31,131.7,130.3,117.3,31,94
2003-04-30,126.4,127.2,114.5,30,90
2003-05-31,116.0,118.6,106.7,31,93
2003-06-30,129.4,133.5,120.2,30,90
2003-07-31,127.8,131.9,118.8,31,93
2003-08-31,122.2,125.2,112.7,31,91
2003-09-30,112.3,113.5,102.1,30,89
2003-10-31,154.5,153.3,138.0,31,93
2003-11-30,141.7,138.6,124.8,30,89
2003-12-31,115.2,111.6,100.4,31,93
2004-01-31,113.9,110.3,99.3,31,93
2004-02-29,107.0,104.4,94.0,29,87
2004-03-31,112.1,111.1,100.0,31,93
2004-04-30,101.0,101.7,91.5,30,90
2004-05-31,100.0,102.3,92.1,31,93
2004-06-30,97.6,100.7,90.6,30,90
2004-07-31,119.6,123.5,111.2,31,93
2004-08-31,109.5,112.2,101.0,31,93
2004-09-30,103.0,104.1,93.7,30,90
2004-10-31,106.4,105.6,95.1,31,89
2004-11-30,113.6,111.1,100.0,30,89
2004-12-31,95.8,92.8,83.5,26,77
2005-01-31,102.5,99.3,89.3,31,93
2005-02-28,97.3,94.9,85.4,28,84
2005-03-31,89.8,88.9,80.0,31,92
2005-04-30,85.9,86.5,77.9,30,90
2005-05-31,99.6,101.8,91.6,31,93
2005-06-30,93.7,96.7,87.0,29,87
2005-07-31,96.6,99.7,89.7,31,91
2005-08-31,92.5,94.8,85.3,31,93
2005-09-30,95.8,96.8,87.1,30,88
2005-10-31,76.7,76.2,68.6,31,93
2005-11-30,86.2,84.3,75.8,30,90
2005-12-31,90.7,87.9,79.1,31,93
2006-01-31,83.4,80.8,72.7,31,92
2006-02-28,76.5,74.7,67.2,28,84
2006-03-31,75.5,74.7,67.3,31,93
2006-04-30,89.1,89.7,80.7,30,89
2006-05-31,80.8,82.6,74.3,31,93
2006-06-30,76.6,79.1,71.1,30,90
2006-07-31,75.9,78.4,70.5,31,93
2006-08-31,79.4,81.3,73.2,31,91
2006-09-30,77.9,78.7,70.9,30,90
2006-10-31,74.3,73.9,66.5,31,93
2006-11-30,86.4,84.5,76.0,30,90
2006-12-31,85.2,82.5,74.3,31,88
2007-01-31,83.8,81.2,73.0,31,93
2007-02-28,77.7,75.8,68.2,28,84
2007-03-31,72.2,71.5,64.3,31,93
2007-04-30,72.4,72.9,65.6,30,90
2007-05-31,74.4,76.0,68.4,31,93
2007-06-30,74.0,76.3,68.7,30,90
2007-07-31,71.5,73.9,66.5,31,93
2007-08-31,69.1,70.8,63.7,31,93
2007-09-30,67.1,67.8,61.0,30,90
2007-10-31,67.6,67.2,60.4,31,93
2007-11-30,69.4,67.8,61.1,30,90
2007-12-31,78.4,75.9,68.3,31,93
2008-01-31,74.1,71.8,64.6,31,93
2008-02-29,71.0,69.3,62.4,28,83
2008-03-31,73.0,72.3,65.0,31,92
2008-04-30,70.2,70.7,63.7,30,90
2008-05-31,68.3,69.9,62.9,31,93
2008-06-30,65.8,67.9,61.1,30,90
2008-07-31,65.7,67.8,61.1,31,93
2008-08-31,66.1,67.8,61.0,31,93
2008-09-30,67.1,67.8,61.0,30,90
2008-10-31,68.3,67.8,61.0,31,93
2008-11-30,68.6,67.1,60.4,30,90
2008-12-31,69.2,67.0,60.3,30,90
2009-01-31,69.8,67.6,60.8,31,93
2009-02-28,70.0,68.3,61.5,28,84
2009-03-31,69.2,68.5,61.7,31,93
2009-04-30,69.7,70.1,63.1,30,90
2009-05-31,70.4,71.9,64.8,31,93
2009-06-30,68.6,70.8,63.7,30,90
2009-07-31,68.2,70.4,63.4,31,93
2009-08-31,67.4,69.0,62.1,31,93
2009-09-30,70.4,71.1,64.0,30,90
2009-10-31,72.3,71.8,64.6,31,93
2009-11-30,73.6,72.0,64.8,30,90
2009-12-31,76.8,74.4,66.9,31,93
2010-01-31,81.1,78.5,70.7,31,92
2010-02-28,84.7,82.6,74.4,28,84
2010-03-31,83.2,82.3,74.1,31,93
2010-04-30,75.7,76.2,68.6,30,90
2010-05-31,73.6,75.3,67.7,31,93
2010-06-30,72.4,74.7,67.2,30,90
2010-07-31,79.6,82.2,74.0,31,93
2010-08-31,79.1,81.1,73.0,31,93
2010-09-30,81.0,81.9,73.7,30,90
2010-10-31,81.6,81.1,72.9,31,93
2010-11-30,82.5,80.7,72.6,30,90
2010-12-31,84.1,81.5,73.4,31,93
2011-01-31,83.4,80.7,72.6,30,90
2011-02-28,94.4,92.1,82.9,28,84
2011-03-31,115.8,114.6,103.1,31,92
2011-04-30,112.7,113.5,102.1,30,90
2011-05-31,95.6,97.7,87.9,31,93
2011-06-30,95.8,98.8,88.9,30,90
2011-07-31,94.2,97.3,87.6,31,93
2011-08-31,101.4,104.0,93.6,31,93
2011-09-30,134.4,135.8,122.2,30,90
2011-10-31,137.5,136.6,123.0,31,93
2011-11-30,153.1,149.8,134.9,30,90
2011-12-31,141.4,137.0,123.3,31,93
2012-01-31,133.3,129.1,116.2,30,90
2012-02-29,106.6,104.1,93.7,29,87
2012-03-31,115.0,113.8,102.4,31,93
2012-04-30,113.3,114.2,102.8,30,90
2012-05-31,121.3,124.0,111.6,31,93
2012-06-30,120.1,123.9,111.5,30,90
2012-07-31,134.3,138.7,124.9,31,93
2012-08-31,115.5,118.4,106.5,31,93
2012-09-30,123.3,124.6,112.1,30,90
2012-10-31,122.8,122.0,109.8,31,93
2012-11-30,121.1,118.4,106.6,30,90
2012-12-31,108.2,104.8,94.4,31,93
2013-01-31,126.8,122.8,110.5,31,93
2013-02-28,104.3,101.8,91.6,28,84
2013-03-31,111.2,110.1,99.1,31,93
2013-04-30,124.7,125.6,113.0,30,89
2013-05-31,131.4,134.3,120.8,31,93
2013-06-30,110.4,113.9,102.5,30,90
2013-07-31,115.4,119.1,107.2,31,93
2013-08-31,114.8,117.6,105.9,31,93
2013-09-30,102.7,103.8,93.4,30,90
2013-10-31,132.6,131.6,118.5,31,92
2013-11-30,148.5,145.3,130.7,30,90
2013-12-31,147.9,143.4,129.0,31,93
2014-01-31,158.2,153.2,137.8,31,92
2014-02-28,170.6,166.4,149.8,28,84
2014-03-31,150.3,148.7,133.9,31,93
2014-04-30,143.9,144.8,130.3,30,90
2014-05-31,130.0,132.8,119.5,31,93
2014-06-30,122.0,125.8,113.2,30,90
2014-07-31,137.5,142.0,127.8,31,92
2014-08-31,124.4,127.5,114.7,31,93
2014-09-30,146.8,148.3,133.5,30,90
2014-10-31,154.2,153.1,137.8,31,93
2014-11-30,155.3,151.8,136.7,30,90
2014-12-31,158.9,154.0,138.6,31,93
2015-01-31,141.9,137.4,123.6,30,89
2015-02-28,129.0,125.8,113.2,28,83
2015-03-31,126.3,125.0,112.5,31,93
2015-04-30,128.9,129.8,116.8,30,90
2015-05-31,119.9,122.5,110.3,31,93
2015-06-30,122.5,126.3,113.7,30,89
2015-07-31,107.0,110.6,99.5,31,93
2015-08-31,105.9,108.5,97.7,31,93
2015-09-30,101.9,103.0,92.7,30,90
2015-10-31,104.0,103.3,93.0,31,93
2015-11-30,109.6,107.2,96.5,30,90
2015-12-31,112.4,108.9,98.0,31,93
2016-01-31,103.6,100.3,90.2,31,93
2016-02-29,103.6,101.1,91.0,29,87
2016-03-31,91.6,90.7,81.6,31,93
2016-04-30,93.3,94.0,84.6,30,90
2016-05-31,93.3,95.4,85.8,31,93
2016-06-30,81.8,84.4,76.0,30,90
2016-07-31,86.3,89.1,80.2,31,93
2016-08-31,85.1,87.2,78.5,31,93
2016-09-30,87.5,88.5,79.6,30,90
2016-10-31,86.1,85.6,77.0,31,93
2016-11-30,78.5,76.8,69.1,30,90
2016-12-31,75.2,72.8,65.5,31,93
2017-01-31,77.4,74.9,67.4,31,93
2017-02-28,76.9,75.1,67.5,28,84
2017-03-31,74.7,74.0,66.6,31,93
2017-04-30,81.0,81.5,73.4,30,90
2017-05-31,73.5,75.1,67.6,31,93
2017-06-30,74.8,77.1,69.4,30,90
2017-07-31,77.6,80.1,72.1,31,93
2017-08-31,78.3,80.2,72.2,31,92
2017-09-30,92.0,93.0,83.7,30,90
2017-10-31,76.4,75.9,68.3,31,93
2017-11-30,72.3,70.7,63.6,30,91
2017-12-31,71.7,69.5,62.5,31,93
2018-01-31,70.0,67.8,61.0,31,92
2018-02-28,72.2,70.5,63.5,28,110
2018-03-31,68.3,67.6,60.8,31,93
2018-04-30,69.9,70.4,63.4,30,90
2018-05-31,70.9,72.5,65.2,31,93
2018-06-30,72.6,74.9,67.4,30,90
2018-07-31,69.6,71.9,64.7,31,93
2018-08-31,69.0,70.7,63.7,31,93
2018-09-30,68.2,68.9,62.0,30,90
2018-10-31,69.5,69.1,62.2,31,93
2018-11-30,69.0,67.5,60.8,30,90
2018-12-31,70.1,67.9,61.1,31,93
2019-01-31,71.5,69.2,62.3,31,93
2019-02-28,70.6,68.9,62.0,28,87
2019-03-31,71.4,70.7,63.6,31,92
2019-04-30,72.5,73.0,65.7,30,90
2019-05-31,71.3,72.9,65.6,31,93
2019-06-30,68.1,70.2,63.2,30,90
2019-07-31,67.1,69.3,62.4,31,93
2019-08-31,67.0,68.7,61.8,31,93
2019-09-30,68.0,68.7,61.8,30,89
2019-10-31,67.4,67.0,60.3,31,91
2019-11-30,70.2,68.6,61.8,30,89
2019-12-31,70.9,68.7,61.8,31,94
2020-01-31,72.3,70.0,63.0,31,93
2020-02-29,70.9,69.2,62.3,29,87
2020-03-31,70.2,69.5,62.5,31,93
2020-04-30,69.6,70.1,63.1,30,90
2020-05-31,69.1,70.6,63.5,31,95
2020-06-30,69.7,71.9,64.7,30,90
2020-07-31,69.4,71.7,64.5,31,93
2020-08-31,71.6,73.4,66.1,31,93
2020-09-30,70.6,71.4,64.2,30,90
2020-10-31,74.6,74.1,66.7,31,91
2020-11-30,90.2,88.2,79.4,30,90
2020-12-31,86.9,84.2,75.8,31,89
2021-01-31,76.0,73.6,66.2,31,93
2021-02-28,73.8,72.0,64.8,28,84
2021-03-31,75.1,74.3,66.9,31,94
2021-04-30,74.7,75.2,67.7,30,89
2021-05-31,75.5,77.2,69.5,30,89
2021-06-30,79.4,81.9,73.7,30,89
2021-07-31,80.9,83.5,75.1,31,92
2021-08-31,77.9,79.8,71.9,31,93
2021-09-30,87.5,88.4,79.6,30,89
2021-10-31,90.1,89.5,80.5,31,93
2021-11-30,86.7,84.8,76.3,30,90
2021-12-31,102.9,99.6,89.7,31,93
2022-01-31,103.8,100.5,90.4,31,93
2022-02-28,109.0,106.3,95.7,28,84
2022-03-31,116.8,115.7,104.1,31,94
2022-04-30,130.7,131.7,118.5,30,90
2022-05-31,133.7,136.6,123.0,31,93
2022-06-30,116.0,119.6,107.7,30,90
2022-07-31,125.6,129.7,116.7,31,93
2022-08-31,114.8,117.6,105.9,31,93
2022-09-30,134.8,136.2,122.6,30,91
2022-10-31,133.0,132.3,119.0,31,95
2022-11-30,123.5,120.8,108.8,30,90
2022-12-31,148.3,143.7,129.3,31,95
2023-01-31,182.6,176.7,159.0,31,96
2023-02-28,169.0,164.9,148.4,28,86
2023-03-31,157.3,155.6,140.0,31,93
2023-04-30,145.6,146.6,132.0,30,90
2023-05-31,155.3,158.7,142.9,31,93
2023-06-30,161.8,166.9,150.2,30,90
2023-07-31,176.4,182.2,164.0,31,93
2023-08-31,153.5,157.3,141.6,31,93
2023-09-30,154.7,156.4,140.8,30,90
2023-10-31,142.1,141.3,127.2,31,93
2023-11-30,153.6,150.2,135.2,30,90
2023-12-31,150.8,146.1,131.5,31,92
2024-01-31,164.3,159.1,143.1,31,93
2024-02-29,173.2,169.0,152.1,29,87
2024-03-31,154.7,153.2,137.9,31,93
2024-04-30,161.6,162.8,146.5,30,90
2024-05-31,187.1,191.3,172.2,31,93
2024-06-30,184.7,190.6,171.5,30,90
2024-07-31,196.2,202.6,182.3,31,93
2024-08-31,244.9,251.0,225.9,31,92
2024-09-30,196.3,198.4,178.6,30,90
2024-10-31,221.1,219.6,197.7,31,94
2024-11-30,199.5,195.2,175.7,30,90
2024-12-31,197.0,190.8,171.8,31,93
2025-01-31,189.1,183.0,164.7,31,93
2025-02-28,183.8,179.4,161.5,28,81
2025-03-31,163.7,162.1,145.9,31,93
2025-04-30,162.0,163.2,146.8,30,90
2025-05-31,135.0,138.0,124.2,31,93
2025-06-30,131.2,135.4,121.8,30,90
2025-07-31,137.7,142.2,128.0,31,93
2025-08-31,155.6,159.3,143.4,31,93
2025-09-30,154.0,155.6,140.0,30,90
2025-10-31,139.5,138.7,124.8,31,93
2025-11-30,140.9,137.9,124.1,30,90
2025-12-31,160.2,155.2,139.7,31,93
2026-01-31,150.5,145.7,131.2,31,93
2026-02-28,135.8,132.5,119.2,28,84
2026-03-31,130.9,129.5,116.6,31,93
2026-04-30,119.8,120.6,108.6,30,90
2026-05-31,133.8,136.0,122.4,8,24
