date,f107_adj,sma_13,slope_12m,cycle_state,activity_level,volatility_13m,volatility_state
1948-08-31,177.2,179.93846153846155,-2.285256410256409,falling,high,30.148867819028137,high
1948-09-30,165.5,185.3846153846154,-1.4192307692307697,falling,high,26.778126837459638,high
1948-10-31,158.0,189.2153846153846,-0.9487179487179466,falling,high,21.958553616371816,high
1948-11-30,161.8,185.26153846153846,-1.0583333333333325,falling,high,22.562451789848325,high
1948-12-31,187.2,179.96153846153845,-1.081410256410256,falling,high,18.527346385884933,normal
1949-01-31,177.7,177.13846153846154,-1.0275641025641018,falling,high,17.700025351278367,normal
1949-02-28,214.9,176.42307692307693,-0.798717948717948,falling,high,17.378825902332675,normal
1949-03-31,201.8,176.2,-0.3583333333333343,plateau,high,17.38663279649051,normal
1949-04-30,183.9,177.09230769230768,-0.0025641025641055157,plateau,high,17.08681077802707,normal
1949-05-31,158.4,178.5076923076923,0.40897435897436196,plateau,high,16.10752730550022,normal
1949-06-30,162.6,178.37692307692308,0.3249999999999981,plateau,high,16.260645428259885,normal
1949-07-31,165.1,175.2076923076923,0.017307692307691507,plateau,high,18.286491441246152,normal
1949-08-31,179.4,172.3,-0.6365384615384618,plateau,high,20.702777591424777,high
1949-09-30,174.3,166.26153846153846,-1.5935897435897435,falling,high,18.581556198801845,normal
1949-10-31,177.1,163.46923076923076,-2.1455128205128204,falling,high,15.219307070044565,normal
1949-11-30,176.4,161.66923076923075,-1.9660256410256427,falling,high,13.930804272988281,normal
1949-12-31,160.1,159.7,-1.6884615384615387,falling,high,16.075706309003483,normal
1950-01-31,146.0,157.84615384615384,-1.6076923076923084,falling,high,17.07213203755446,normal
1950-02-28,139.9,154.67692307692306,-1.8121794871794894,falling,high,19.29301055849651,normal
1950-03-31,136.4,148.53846153846155,-2.3051282051282036,falling,high,23.092261996230814,high
1950-04-30,165.5,142.76153846153846,-2.860897435897435,falling,medium,25.38997631814373,high
1950-05-31,160.5,136.80769230769232,-3.474999999999999,falling,medium,25.739316927561198,high
1950-06-30,132.8,130.77692307692308,-3.9666666666666663,falling,medium,24.859309250465095,high
1950-07-31,138.5,126.5,-4.058974358974358,falling,medium,24.167229878494627,high
1950-08-31,123.9,122.91538461538462,-4.115384615384616,falling,medium,24.487712774432005,high
1950-09-30,99.6,119.96153846153847,-3.858333333333333,falling,medium,24.584023892951993,high
1950-10-31,99.2,119.3153846153846,-3.67948717948718,falling,medium,24.223708983619346,high
1950-11-30,99.7,119.84615384615384,-3.4852564102564094,falling,medium,25.368537449125757,high
1950-12-31,98.0,120.33846153846153,-3.280128205128205,falling,medium,26.269327439098394,high
1951-01-31,104.5,119.36923076923077,-3.206410256410256,falling,medium,26.002319916223723,high
1951-02-28,99.4,117.36923076923077,-3.1089743589743577,falling,medium,25.401193692927993,high
1951-03-31,101.5,116.9923076923077,-2.6288461538461534,falling,medium,25.33247130787098,high
1951-04-30,128.0,117.43076923076923,-2.1108974358974364,falling,medium,25.054154167036746,high
1951-05-31,172.4,117.64615384615384,-1.5967948717948737,falling,medium,24.895903792411904,high
1951-06-30,166.9,117.60769230769232,-1.097435897435897,falling,medium,24.92630677077479,high
1951-07-31,120.2,117.16923076923078,-0.7775641025641017,falling,medium,25.346544294879955,high
1951-08-31,112.5,115.60000000000001,-0.6096153846153847,plateau,medium,26.786843785709507,high
1951-09-30,119.0,113.93846153846154,-0.5019230769230774,plateau,medium,28.491125473895114,high
1951-10-31,105.3,112.63076923076923,-0.5570512820512808,plateau,medium,29.48249154485272,high
1951-11-30,102.0,109.14615384615385,-0.8916666666666657,falling,medium,30.183318112952673,high
1951-12-31,99.2,102.62307692307692,-1.4762820512820507,falling,medium,23.878901211674886,high
1952-01-31,92.3,96.83846153846154,-1.8775641025641019,falling,medium,14.128018170851263,normal
1952-02-29,84.1,94.93846153846154,-1.869230769230769,falling,medium,12.26210547863771,normal
1952-03-31,77.8,92.61538461538461,-2.0314102564102576,falling,medium,11.49448028068618,normal
1952-04-30,84.5,89.78461538461539,-2.303846153846153,falling,medium,8.629585366038766,normal
1952-05-31,82.7,87.95384615384616,-2.474358974358973,falling,medium,7.516494682210541,normal
1952-06-30,87.6,86.4923076923077,-2.5929487179487176,falling,low,6.30772826756536,normal
1952-07-31,91.7,85.05384615384615,-2.6762820512820524,falling,low,5.203943278037627,normal
1952-08-31,95.5,83.41538461538462,-2.682051282051282,falling,low,6.021329608684266,normal
1952-09-30,82.3,82.3076923076923,-2.635897435897436,falling,low,7.1108440120783305,normal
1952-10-31,82.2,82.5923076923077,-2.5032051282051277,falling,low,6.98837863151701,normal
1952-11-30,81.5,81.79230769230769,-2.2794871794871803,falling,low,7.338308335766288,normal
1952-12-31,83.0,81.22307692307693,-1.7833333333333325,falling,low,7.546097650017363,normal
1953-01-31,80.5,80.03076923076924,-1.4006410256410255,falling,low,7.677932080036199,normal
1953-02-28,71.0,78.92307692307692,-1.334615384615385,falling,low,6.848011128076859,normal
1953-03-31,69.7,77.35384615384615,-1.271794871794872,falling,low,4.748265540282463,normal
1953-04-30,81.5,76.51538461538462,-1.105769230769231,falling,low,4.764424791068902,normal
1953-05-31,74.1,75.56153846153846,-1.032692307692308,falling,low,4.772759240653064,normal
1953-06-30,75.3,74.56153846153846,-0.9942307692307703,falling,low,4.786707020757866,normal
1953-07-31,72.1,73.29230769230769,-0.9801282051282053,falling,low,4.544128361315426,normal
1953-08-31,77.3,72.28461538461538,-0.9275641025641038,falling,low,4.255946066750101,normal
1953-09-30,75.1,72.29230769230769,-0.8346153846153849,falling,low,4.2535204122520245,normal
1953-10-31,71.4,72.25384615384615,-0.861538461538462,falling,low,4.2810854123342414,normal
1953-11-30,69.8,71.33076923076922,-0.8717948717948723,falling,low,3.303378224229929,normal
1953-12-31,68.5,70.96923076923078,-0.8544871794871796,falling,low,3.231455970969821,normal
1954-01-31,66.5,70.56153846153846,-0.7891025641025647,falling,low,2.9626954117109228,normal
1954-02-28,67.4,70.52307692307691,-0.7000000000000005,plateau,low,2.9442468890360742,normal
1954-03-31,71.1,70.02307692307693,-0.6108974358974351,plateau,low,2.1393744592595256,normal
1954-04-30,69.2,69.83076923076923,-0.557051282051282,plateau,low,1.7153156246932006,normal
1954-05-31,69.5,69.80000000000001,-0.48012820512820414,plateau,low,1.6881943016160597,normal
1954-06-30,69.4,70.05384615384615,-0.3756410256410258,plateau,low,1.920336508974721,normal
1954-07-31,70.0,71.06153846153846,-0.18589743589743554,plateau,low,3.673676283493994,normal
1954-08-31,71.6,72.1,-0.01538461538461533,plateau,low,4.153512569702343,normal
1954-09-30,70.8,72.6076923076923,0.026282051282051338,plateau,low,3.9284139162573677,normal
1954-10-31,72.6,73.12307692307692,0.07243589743589733,plateau,low,4.147520111697069,normal
1954-11-30,71.0,74.30769230769229,0.24807692307692264,plateau,low,5.037436771888821,normal
1954-12-31,73.1,76.01538461538462,0.4205128205128202,plateau,low,6.745226232164874,normal
1955-01-31,81.6,77.61538461538461,0.5878205128205126,plateau,low,7.472934068339664,normal
1955-02-28,80.0,79.37692307692306,0.7378205128205124,plateau,low,8.192593590774385,normal
1955-03-31,74.0,81.26153846153846,0.9365384615384613,rising,low,9.029722998846912,normal
1955-04-30,77.8,84.35384615384615,1.2102564102564095,rising,low,11.65136725772413,normal
1955-05-31,84.6,88.55384615384615,1.5628205128205117,rising,medium,16.065937849200257,normal
1955-06-30,91.7,93.12307692307692,1.9224358974358975,rising,medium,18.861166181962233,normal
1955-07-31,90.2,98.01538461538462,2.2461538461538466,rising,medium,21.322517290173526,high
1955-08-31,92.9,104.29999999999998,2.6833333333333322,rising,medium,27.286993238537743,high
1955-09-30,96.1,110.38461538461539,3.1480769230769234,rising,medium,30.09182741082836,high
1955-10-31,111.0,117.55384615384614,3.7025641025641014,rising,medium,31.757141332951058,high
1955-11-30,127.2,124.42307692307692,4.176282051282052,rising,medium,32.097797272454564,high
1955-12-31,130.4,130.13846153846154,4.51025641025641,rising,medium,31.01256569149402,high
1956-01-31,136.7,136.01538461538462,4.866666666666667,rising,medium,30.353359126403305,high
1956-02-29,163.3,144.34615384615384,5.414102564102564,rising,high,31.568671584991115,high
1956-03-31,159.1,152.81538461538463,5.962820512820514,rising,high,31.384811776660523,high
1956-04-30,167.2,160.8230769230769,6.372435897435897,rising,high,28.889362339973072,high
1956-05-31,167.1,171.12307692307692,6.880769230769231,rising,high,33.19458173272037,high
1956-06-30,158.9,180.24615384615387,7.260256410256413,rising,high,36.272087877241844,high
1956-07-31,168.1,187.43846153846152,7.451923076923076,rising,high,34.804825777985045,high
1956-08-31,198.5,190.94615384615386,7.220512820512823,rising,high,31.396088275043965,high
1956-09-30,203.0,193.45384615384617,6.922435897435899,rising,high,30.286207404928614,high
1956-10-31,200.2,196.71538461538464,6.596794871794875,rising,high,28.50923377182213,high
1956-11-30,244.9,200.25384615384613,6.319230769230767,rising,high,27.37263278606971,high
1956-12-31,245.8,207.41538461538462,6.43974358974359,rising,high,30.02603998070788,high
1957-01-31,223.9,212.5076923076923,6.374358974358974,rising,high,26.52145237156944,high
1957-02-28,182.3,215.52307692307693,5.931410256410257,rising,high,23.053421793960347,high
1957-03-31,195.9,221.0076923076923,5.682692307692307,rising,high,26.83696025814817,high
1957-04-30,201.5,227.0153846153846,5.51602564102564,rising,high,30.903447654316242,high
1957-05-31,213.2,231.1153846153846,4.999358974358974,rising,high,30.583379095892315,high
1957-06-30,260.2,233.62307692307695,4.448076923076923,rising,high,33.04527585616803,high
1957-07-31,225.1,233.44615384615386,3.8339743589743613,rising,high,32.980742244139144,high
1957-08-31,207.3,232.1538461538462,3.4339743589743605,rising,high,33.70711140062798,high
1957-09-30,269.8,237.3,3.6538461538461533,rising,high,30.40685229790566,high
1957-10-31,281.1,241.26923076923077,3.7128205128205116,rising,high,27.809152708397235,high
1957-11-30,253.5,242.96153846153845,3.5589743589743605,rising,high,25.78292517867616,high
1957-12-31,277.5,244.05384615384617,3.0532051282051285,rising,high,24.69482453823758,high
1958-01-31,243.5,241.83846153846156,2.4442307692307708,rising,high,24.4158943607618,high
1958-02-28,207.1,243.2,2.306410256410255,rising,high,23.892606945803312,high
1958-03-31,249.2,246.19230769230768,2.0987179487179475,rising,high,21.31914091211816,high
1958-04-30,247.5,242.85384615384618,1.3198717948717988,rising,high,20.703446387200234,high
1958-05-31,223.5,236.96923076923076,0.4878205128205124,plateau,high,19.77795003766295,normal
1958-06-30,227.4,235.22307692307692,0.1333333333333305,plateau,high,19.19019514605244,normal
1958-07-31,231.4,234.3153846153846,0.07243589743589496,plateau,high,17.199701845954444,normal
1958-08-31,242.8,231.19230769230774,-0.0801282051282044,plateau,high,18.986243332935093,normal
1958-09-30,246.2,232.72307692307692,-0.3814102564102579,plateau,high,17.636144412642334,normal
1958-10-31,226.4,229.8615384615385,-0.9506410256410239,falling,high,17.75741809599257,normal
1958-11-30,204.6,227.55384615384617,-1.2839743589743573,falling,high,17.21523624509251,normal
1958-12-31,230.8,227.62307692307692,-1.3692307692307704,falling,high,17.199377597563746,normal
1959-01-31,265.7,226.25384615384615,-1.2987179487179503,falling,high,17.91236143861777,normal
1959-02-28,202.9,226.9076923076923,-1.3576923076923084,falling,high,18.267478458472517,normal
1959-03-31,227.0,223.34615384615384,-1.9038461538461533,falling,high,19.38980038510837,normal
1959-04-30,212.0,217.03076923076924,-2.151923076923078,falling,high,24.11930017694613,high
1959-05-31,217.5,213.5153846153846,-1.954487179487181,falling,high,25.904273976631817,high
1959-06-30,224.4,211.35384615384615,-1.989102564102564,falling,high,27.81230589099642,high
1959-07-31,209.6,208.6846153846154,-2.1358974358974336,falling,high,27.45328900010112,high
1959-08-31,239.9,201.06923076923073,-2.5102564102564173,falling,high,23.808660350643567,high
1959-09-30,196.5,196.64615384615382,-3.0064102564102577,falling,high,28.34844544193491,high
1959-10-31,164.1,192.16923076923075,-3.1410256410256445,falling,high,27.74453053052037,high
1959-11-30,180.7,188.66153846153844,-3.2410256410256437,falling,high,27.910497979002475,high
1959-12-31,176.5,184.77692307692308,-3.57051282051282,falling,high,27.06372584124849,high
1960-01-31,196.1,180.53846153846155,-3.809615384615384,falling,high,24.53798207071173,high
1960-02-29,166.7,178.16153846153844,-4.062179487179487,falling,high,22.932347548878884,high
1960-03-31,145.4,172.4923076923077,-4.237820512820512,falling,high,13.614726190077352,normal
1960-04-30,168.8,168.24615384615385,-4.065384615384616,falling,high,14.102400232148517,normal
1960-05-31,166.4,166.8230769230769,-3.89102564102564,falling,high,15.426878807574797,normal
1960-06-30,167.0,163.21538461538464,-4.01153846153846,falling,high,17.28346252702532,normal
1960-07-31,169.3,158.72307692307692,-4.16346153846154,falling,high,20.778961870369496,high
1960-08-31,178.7,151.62307692307692,-4.120512820512817,falling,high,22.629926861207593,high
1960-09-30,166.2,146.7846153846154,-4.155128205128203,falling,high,25.65923635372703,high
1960-10-31,141.3,143.73846153846154,-4.035897435897435,falling,high,28.07423309909964,high
1960-11-30,145.6,138.56153846153845,-4.175,falling,medium,29.24829164417271,high
1960-12-31,133.8,134.4846153846154,-4.1910256410256395,falling,medium,28.7338315740017,high
1961-01-31,118.1,130.8923076923077,-4.137179487179488,falling,medium,27.208744352336264,high
1961-02-28,103.8,126.24615384615383,-4.326282051282051,falling,medium,25.185432806307865,high
1961-03-31,103.8,121.26153846153846,-4.269230769230769,falling,medium,19.768853383607976,normal
1961-04-30,105.8,115.86153846153846,-4.365384615384616,falling,medium,15.623942015464289,normal
1961-05-31,101.5,111.78461538461539,-4.58653846153846,falling,medium,15.345294944154846,normal
1961-06-30,113.4,107.64615384615385,-4.630769230769232,falling,medium,12.446526649674368,normal
1961-07-31,120.3,104.42307692307692,-4.5249999999999995,falling,medium,10.359629485505383,normal
1961-08-31,108.9,103.01538461538462,-4.050641025641025,falling,medium,9.558665017831038,normal
1961-09-30,113.9,102.66923076923075,-3.6762820512820533,falling,medium,9.609230338187222,normal
1961-10-31,96.0,102.13846153846154,-3.4666666666666663,falling,medium,9.731352977323398,normal
1961-11-30,88.3,101.6923076923077,-3.0724358974358963,falling,medium,9.68232595492768,normal
1961-12-31,91.8,101.1,-2.7820512820512846,falling,medium,9.927487093924148,normal
1962-01-31,91.9,98.78461538461536,-2.6756410256410277,falling,medium,10.321970593017019,normal
1962-02-28,99.8,95.62307692307692,-2.551923076923076,falling,medium,9.439381498644666,normal
1962-03-31,99.3,94.19999999999999,-2.2551282051282064,falling,medium,8.630855500279171,normal
1962-04-30,96.9,92.14615384615385,-1.9762820512820507,falling,medium,6.4547934881289715,normal
1962-05-31,100.0,91.14615384615385,-1.7198717948717952,falling,medium,6.805465375298922,normal
1962-06-30,93.8,90.46153846153847,-1.432051282051282,falling,medium,7.525239582183713,normal
1962-07-31,83.3,89.32307692307691,-1.258333333333334,falling,medium,8.377166769078743,normal
1962-08-31,79.2,88.23076923076923,-1.2320512820512828,falling,medium,8.92126528912849,normal
1962-09-30,90.4,86.47692307692309,-1.349358974358972,falling,low,8.695607497100177,normal
1962-10-31,87.2,84.9846153846154,-1.4294871794871788,falling,low,7.943744515221552,normal
1962-11-30,83.0,84.43076923076924,-1.4384615384615376,falling,low,7.265831521054106,normal
1962-12-31,79.4,83.36923076923077,-1.4775641025641022,falling,low,5.6242606351718605,normal
1963-01-31,77.0,82.1846153846154,-1.3833333333333304,falling,low,4.806566021923908,normal
1963-02-28,77.7,82.15384615384616,-1.1224358974358968,falling,low,4.80010683642168,normal
1963-03-31,77.0,82.67692307692307,-0.9602564102564095,falling,low,4.821851968931931,normal
1963-04-30,79.9,82.22307692307693,-0.8269230769230766,falling,low,4.281774135055027,normal
1963-05-31,89.7,81.65384615384616,-0.7910256410256409,falling,low,4.050640974923474,normal
1963-06-30,86.2,81.11538461538461,-0.7788461538461545,falling,low,4.313514837861014,normal
1963-07-31,78.4,80.62307692307692,-0.7249999999999991,plateau,low,4.856637013094568,normal
1963-08-31,82.9,80.46153846153847,-0.6474358974358966,plateau,low,5.0193854971767085,normal
1963-09-30,86.0,80.26153846153846,-0.5179487179487184,plateau,low,5.187571439116248,normal
1963-10-31,84.5,79.96153846153847,-0.41858974358974405,plateau,low,5.495534317601405,normal
1963-11-30,79.8,79.27692307692307,-0.42948717948718124,plateau,low,6.032019264748244,normal
1963-12-31,76.0,77.85384615384615,-0.4596153846153849,plateau,low,5.529408555568759,normal
1964-01-31,73.0,76.54615384615384,-0.4698717948717963,plateau,low,5.399786320562208,normal
1964-02-29,74.9,75.97692307692309,-0.5147435897435896,plateau,low,5.57526588994896,normal
1964-03-31,75.1,75.05384615384615,-0.6352564102564102,plateau,low,5.321123845053589,normal
1964-04-30,73.1,74.03846153846153,-0.6820512820512832,plateau,low,4.199511571115943,normal
1964-05-31,71.0,73.08461538461539,-0.7141025641025642,plateau,low,2.8005493966571082,normal
1964-06-30,71.2,72.8153846153846,-0.6916666666666677,plateau,low,2.2063718913901575,normal
1964-07-31,69.2,72.82307692307691,-0.6500000000000009,plateau,low,2.218540753955791,normal
1964-08-31,71.0,72.85384615384615,-0.6339743589743598,plateau,low,2.223966196025759,normal
1964-09-30,70.9,72.73076923076923,-0.6275641025641031,plateau,low,2.1441333196299555,normal
1964-10-31,72.8,72.53076923076922,-0.6192307692307703,plateau,low,2.0225333188060897,normal
1964-11-30,72.1,73.05384615384615,-0.5185897435897431,plateau,low,2.8797035103864257,normal
1964-12-31,76.3,73.7,-0.34615384615384553,plateau,low,3.293174760021005,normal
1965-01-31,76.1,74.13076923076923,-0.20128205128205087,plateau,low,3.305143621541071,normal
1965-02-28,73.4,74.6923076923077,-0.10705128205128271,plateau,low,3.0040144081115288,normal
1965-03-31,73.3,75.17692307692307,0.01025641025641022,plateau,low,2.8636089834848883,normal
1965-04-30,72.5,75.84615384615384,0.15064102564102555,plateau,low,2.7966096690572284,normal
1965-05-31,79.9,76.08461538461539,0.25,plateau,low,2.643181843242898,normal
1965-06-30,79.4,76.33076923076922,0.29294871794871824,plateau,low,2.376757109805912,normal
1965-07-31,76.8,77.00769230769231,0.34871794871794987,plateau,low,3.400113120295798,normal
1965-08-31,76.5,77.47692307692309,0.3852564102564114,plateau,low,3.674269507030572,normal
1965-09-30,77.3,78.7076923076923,0.49807692307692264,plateau,low,4.724486134047509,normal
1965-10-31,79.6,80.5923076923077,0.671794871794873,plateau,low,6.812667311521479,normal
1965-11-30,75.9,82.76923076923077,0.8096153846153852,rising,low,8.357669592995276,normal
1965-12-31,75.3,84.26923076923077,0.8807692307692309,rising,low,9.475000845682146,normal
1966-01-31,85.1,86.63076923076923,1.0416666666666667,rising,low,11.720095606507513,normal
1966-02-28,82.2,89.12307692307694,1.2025641025641036,rising,medium,12.846215645484524,normal
1966-03-31,89.4,91.85384615384616,1.3897435897435908,rising,medium,13.685065788700463,normal
1966-04-30,97.8,94.2076923076923,1.5301282051282048,rising,medium,13.604561829185684,normal
1966-05-31,100.8,96.60769230769232,1.7102564102564106,rising,medium,13.564811187927956,normal
1966-06-30,99.4,100.05384615384614,1.9769230769230763,rising,medium,13.556340176256677,normal
1966-07-31,110.1,105.26153846153845,2.3544871794871782,rising,medium,16.032131198604297,normal
1966-08-31,109.2,109.75384615384615,2.689743589743589,rising,medium,17.976123765735895,normal
1966-09-30,112.0,115.65384615384616,3.0788461538461553,rising,medium,20.577682708241305,high
1966-10-31,107.9,118.83846153846153,3.187179487179486,rising,medium,19.34250666544,normal
1966-11-30,110.8,122.56153846153846,3.316025641025641,rising,medium,19.611711571641482,normal
1966-12-31,120.7,124.34615384615384,3.339743589743589,rising,medium,18.489934891927483,normal
1967-01-31,143.0,127.84615384615384,3.434615384615384,rising,medium,17.662182546551726,normal
1967-02-28,143.5,131.4923076923077,3.5307692307692293,rising,medium,18.563021554445065,normal
1967-03-31,158.9,133.36153846153846,3.458974358974358,rising,medium,17.31254547342051,normal
1967-04-30,130.8,135.13846153846154,3.410897435897437,rising,medium,16.078844198799008,normal
1967-05-31,146.2,137.76923076923077,3.4301282051282045,rising,medium,13.901162098627891,normal
1967-06-30,124.0,141.3923076923077,3.4448717948717964,rising,medium,12.336156987927357,normal
1967-07-31,144.9,146.19230769230768,3.4108974358974358,rising,high,15.378581509059526,normal
1967-08-31,157.5,148.19230769230768,3.203205128205127,rising,high,16.573093733441976,normal
1967-09-30,133.5,148.02307692307693,2.697435897435897,rising,high,16.636113019881602,normal
1967-10-31,135.1,145.83076923076922,2.2493589743589744,rising,high,16.958055343277408,normal
1967-11-30,142.1,147.95384615384617,2.1160256410256424,rising,high,16.644249026046307,normal
1967-12-31,157.9,148.0,1.9711538461538467,rising,high,16.639811697653045,normal
1968-01-31,183.1,149.35384615384615,1.7923076923076924,rising,high,15.176001635511348,normal
1968-02-29,169.0,149.4153846153846,1.493589743589742,rising,high,15.158047705968857,normal
1968-03-31,141.3,148.25384615384615,1.2410256410256413,rising,high,15.065170393141148,normal
1968-04-30,130.4,149.6307692307692,1.2076923076923052,rising,high,14.40800614330999,normal
1968-05-31,158.4,149.66153846153844,0.991025641025639,rising,high,14.374777590253288,normal
1968-06-30,146.8,149.7923076923077,0.7000000000000005,plateau,high,14.307833608346158,normal
1968-07-31,141.6,149.01538461538462,0.23525641025641164,plateau,high,14.103654736382847,normal
1968-08-31,145.7,146.59230769230768,-0.13333333333333286,plateau,high,9.813040773928698,normal
1968-09-30,142.4,146.72307692307692,-0.10833333333333428,plateau,high,10.142333216619384,normal
1968-10-31,151.4,147.89999999999998,0.17243589743589638,plateau,high,10.346255361241457,normal
1968-11-30,135.5,149.30769230769232,0.11282051282051242,plateau,high,8.912394135740776,normal
1968-12-31,143.8,149.9923076923077,0.16602564102564088,plateau,high,9.950415530558836,normal
1969-01-31,147.8,149.55384615384617,0.01666666666666809,plateau,high,10.22461208592823,normal
1969-02-28,151.6,149.93846153846152,0.043589743589744025,plateau,high,9.991874904270038,normal
1969-03-31,170.7,149.4,0.09551282051282091,plateau,high,10.418813112187204,normal
1969-04-30,156.6,150.2076923076923,0.04807692307692454,plateau,high,10.236329219864567,normal
1969-05-31,148.7,150.34615384615384,0.05705128205128318,plateau,high,10.265931958394045,normal
1969-06-30,167.3,150.62307692307692,0.06923076923076839,plateau,high,9.87312461906599,normal
1969-07-31,141.1,151.34615384615384,0.1942307692307684,plateau,high,9.673987060206496,normal
1969-08-31,146.6,153.15384615384616,0.546794871794873,plateau,high,11.053401843220442,normal
1969-09-30,138.7,153.55384615384617,0.5692307692307708,plateau,high,11.086524506852557,normal
1969-10-31,152.9,152.96923076923076,0.42243589743589877,plateau,high,10.277920072935858,normal
1969-11-30,153.2,154.16153846153847,0.4044871794871791,plateau,high,11.55404247161633,normal
1969-12-31,139.1,155.02307692307693,0.4192307692307698,plateau,high,11.53040573485048,normal
1970-01-31,153.2,154.23076923076923,0.38974358974358836,plateau,high,10.956077812139597,normal
1970-02-28,171.3,154.26923076923077,0.36089743589743745,plateau,high,10.90690794981133,normal
1970-03-31,156.8,154.13076923076923,0.3942307692307689,plateau,high,11.023186518682225,normal
1970-04-30,163.1,154.7846153846154,0.3814102564102579,plateau,high,10.257098855090232,normal
1970-05-31,172.1,155.2153846153846,0.40576923076923066,plateau,high,10.288897426664656,normal
1970-06-30,159.9,154.81538461538463,0.3493589743589756,plateau,high,10.473207575671042,normal
1970-07-31,157.0,156.22307692307692,0.40641025641025647,plateau,high,9.355047999713266,normal
1970-08-31,141.6,154.78461538461536,0.13589743589743364,plateau,high,11.128255789794432,normal
1970-09-30,144.8,150.13076923076923,-0.2852564102564112,plateau,high,15.455278743059228,normal
1970-10-31,147.2,147.1076923076923,-0.4884615384615382,plateau,high,17.719737655059138,normal
1970-11-30,158.5,143.20000000000002,-0.9134615384615378,falling,medium,19.41901988601259,normal
1970-12-31,148.0,138.0307692307692,-1.4160256410256433,falling,medium,20.019756267888507,normal
1971-01-31,157.4,135.05384615384617,-1.5980769230769216,falling,medium,19.36339395976455,normal
1971-02-28,134.5,131.9692307692308,-1.8583333333333318,falling,medium,18.760614089780283,normal
1971-03-31,110.8,129.16153846153844,-2.0807692307692327,falling,medium,19.896085815286703,normal
1971-04-30,117.5,126.21538461538461,-2.380769230769232,falling,medium,20.220445352574032,normal
1971-05-31,112.3,123.46923076923076,-2.6455128205128204,falling,medium,19.545987849829032,normal
1971-06-30,104.9,120.55384615384615,-2.8551282051282065,falling,medium,16.470003814239064,normal
1971-07-31,121.2,117.71538461538461,-3.208974358974359,falling,medium,14.39466603490454,normal
1971-08-31,116.9,116.25384615384617,-3.210897435897433,falling,medium,10.455031913280644,normal
1971-09-30,105.1,115.6923076923077,-2.869871794871795,falling,medium,9.550258420454412,normal
1971-10-31,106.5,115.91538461538461,-2.5993589743589745,falling,medium,9.459901880557116,normal
1971-11-30,111.5,117.06923076923076,-2.177564102564105,falling,medium,10.524208965950773,normal
1971-12-31,120.6,119.17692307692307,-1.5711538461538446,falling,medium,12.113226507016218,normal
1972-01-31,111.1,120.80000000000001,-1.1878205128205128,falling,medium,11.435471131528587,normal
1972-02-29,138.4,121.38461538461539,-0.8820512820512837,falling,medium,11.649881698530987,normal
1972-03-31,127.2,121.22307692307692,-0.6615384615384604,plateau,medium,11.731521203305794,normal
1972-04-30,113.7,122.38461538461539,-0.3192307692307684,plateau,medium,10.70473774813908,normal
1972-05-31,132.5,121.83846153846154,-0.13589743589743483,plateau,medium,11.716052980245564,normal
1972-06-30,139.7,120.93076923076924,0.03141025641025763,plateau,medium,12.973394866379348,normal
1972-07-31,126.0,119.26923076923077,0.1294871794871805,plateau,medium,14.331398199722116,normal
1972-08-31,128.8,118.13076923076923,0.15641025641025527,plateau,medium,15.568846275784168,normal
1972-09-30,114.8,115.13076923076923,-0.046794871794871774,plateau,medium,15.08770938078405,normal
1972-10-31,120.2,113.4846153846154,-0.20256410256410126,plateau,medium,14.826319286652659,normal
1972-11-30,99.4,112.36153846153846,-0.3923076923076915,plateau,medium,15.352282048691958,normal
1972-12-31,99.7,109.41538461538462,-0.8134615384615375,falling,medium,14.831714115022898,normal
1973-01-31,99.0,105.37692307692308,-1.2852564102564112,falling,medium,12.923180326205172,normal
1973-02-28,96.3,102.21538461538461,-1.5974358974358982,falling,medium,12.47716889321335,normal
1973-03-31,99.4,100.52307692307691,-1.7250000000000003,falling,medium,9.769011707620034,normal
1973-04-30,105.8,98.3923076923077,-1.9993589743589741,falling,medium,9.409787593996505,normal
1973-05-31,99.1,95.27692307692308,-2.2134615384615386,falling,medium,8.216766785681884,normal
1973-06-30,94.2,93.9,-2.252564102564103,falling,medium,8.936535495744172,normal
1973-07-31,87.2,92.41538461538461,-2.2378205128205138,falling,medium,9.479350026405085,normal
1973-08-31,84.9,90.86923076923077,-2.271794871794872,falling,medium,9.943706939182047,normal
1973-09-30,106.8,89.49230769230768,-2.136538461538463,falling,medium,10.35965423638577,normal
1973-10-31,87.1,88.51538461538462,-2.0807692307692314,falling,medium,9.937709842972216,normal
1973-11-30,79.7,87.5,-2.0717948717948715,falling,medium,8.61016840718172,normal
1973-12-31,81.5,86.72307692307693,-1.8910256410256412,falling,low,7.9028638106883005,normal
1974-01-31,80.4,86.82307692307693,-1.546153846153846,falling,low,8.012818256411833,normal
1974-02-28,78.9,86.66153846153846,-1.296153846153846,falling,low,8.025743834847615,normal
1974-03-31,78.4,86.95384615384616,-1.1307692307692296,falling,medium,8.025440318619449,normal
1974-04-30,86.7,86.20769230769231,-1.0153846153846153,falling,low,6.289735227400258,normal
1974-05-31,92.6,86.30000000000001,-0.7480769230769226,plateau,low,6.312685640837069,normal
1974-06-30,89.0,86.21538461538461,-0.6403846153846166,plateau,low,6.415066400522092,normal
1974-07-31,95.5,85.71538461538461,-0.5583333333333336,plateau,low,7.036434484626496,normal
1974-08-31,85.1,85.1,-0.4807692307692311,plateau,low,7.843574865244644,normal
1974-09-30,88.7,84.53846153846153,-0.41282051282051196,plateau,low,8.553609224722733,normal
1974-10-31,97.1,83.98461538461538,-0.37756410256410317,plateau,low,9.193371357837567,normal
1974-11-30,88.3,82.82307692307691,-0.38974358974359075,plateau,low,9.75825751574641,normal
1974-12-31,78.6,81.23076923076923,-0.45769230769230873,plateau,low,9.718743455766612,normal
1975-01-31,75.0,80.51538461538462,-0.5256410256410255,plateau,low,9.437411911629997,normal
1975-02-28,72.4,80.30000000000001,-0.5301282051282037,plateau,low,9.092579392011501,normal
1975-03-31,71.6,79.93846153846154,-0.5846153846153849,plateau,low,8.978542797651693,normal
1975-04-30,71.2,78.9076923076923,-0.6083333333333343,plateau,low,8.652115496462999,normal
1975-05-31,71.6,77.52307692307693,-0.7314102564102569,plateau,low,6.723485436162511,normal
1975-06-30,71.9,76.29230769230769,-0.8269230769230766,falling,low,6.013243930204051,normal
1975-07-31,79.7,75.81538461538462,-0.8249999999999993,falling,low,6.060644376338517,normal
1975-08-31,92.7,75.34615384615384,-0.8128205128205129,falling,low,6.3578842634736485,normal
1975-09-30,80.4,75.62307692307692,-0.7429487179487175,plateau,low,6.296977296843029,normal
1975-10-31,75.3,76.02307692307691,-0.6634615384615389,plateau,low,6.184274930037455,normal
1975-11-30,79.1,76.10000000000001,-0.5602564102564086,plateau,low,6.125221084448029,normal
1975-12-31,72.3,76.1923076923077,-0.41987179487179443,plateau,low,6.060453989936389,normal
1976-01-31,72.4,76.03076923076922,-0.3737179487179496,plateau,low,6.21052663030072,normal
1976-02-29,68.9,75.79230769230769,-0.37564102564102697,plateau,low,6.1167068398065325,normal
1976-03-31,76.0,74.33846153846154,-0.4666666666666662,plateau,low,3.4106544976877937,normal
1976-04-30,76.8,73.95384615384616,-0.41282051282051196,plateau,low,2.9162234095475186,normal
1976-05-31,72.2,73.64615384615385,-0.3230769230769231,plateau,low,2.9728256436808382,normal
1976-06-30,72.8,73.27692307692307,-0.25128205128205156,plateau,low,2.499384539633164,normal
1976-07-31,69.8,73.48461538461538,-0.19423076923076957,plateau,low,2.5235048886639917,normal
1976-08-31,76.6,74.0923076923077,-0.10448717948717838,plateau,low,3.1210205431562277,normal
1976-09-30,73.8,74.62307692307692,-0.08333333333333333,plateau,low,2.726155365520624,normal
1976-10-31,75.4,74.79230769230769,-0.1025641025641022,plateau,low,2.8825513983511772,normal
1976-11-30,71.3,75.14615384615385,-0.0794871794871798,plateau,low,3.387628320973142,normal
1976-12-31,74.3,76.85384615384615,0.055128205128204634,plateau,low,6.203710634858692,normal
1977-01-31,75.0,77.6923076923077,0.13846153846153916,plateau,low,6.345137447747068,normal
1977-02-28,80.3,78.96153846153847,0.26410256410256494,plateau,low,6.284841347978748,normal
1977-03-31,75.8,80.85384615384615,0.542948717948717,plateau,low,8.738861041790535,normal
1977-04-30,78.2,82.58461538461539,0.7192307692307693,plateau,low,9.426456222945529,normal
1977-05-31,81.4,83.83076923076922,0.8487179487179475,rising,low,9.468226216791553,normal
1977-06-30,94.4,85.95384615384616,1.0564102564102573,rising,low,9.518544652819722,normal
1977-07-31,83.7,88.4,1.2429487179487186,rising,medium,10.325938214033139,normal
1977-08-31,86.3,93.54615384615386,1.6211538461538464,rising,medium,17.363544923422776,normal
1977-09-30,101.2,98.16153846153847,1.9615384615384623,rising,medium,21.117628436196576,high
1977-10-31,96.3,103.9076923076923,2.426282051282051,rising,medium,24.429301447867786,high
1977-11-30,91.6,109.40769230769232,2.855128205128205,rising,medium,26.147481125928625,high
1977-12-31,98.9,114.43076923076923,3.131410256410257,rising,medium,26.58722702776023,high
1978-01-31,106.1,117.58461538461538,3.3243589743589737,rising,medium,26.444496785842464,high
1978-02-28,141.9,120.13846153846156,3.4314102564102575,rising,medium,24.425483224887326,high
1978-03-31,140.3,125.77692307692307,3.743589743589743,rising,medium,24.42355945414747,high
1978-04-30,150.5,130.07692307692307,3.9576923076923065,rising,medium,24.65573475705551,high
1978-05-31,149.7,134.07692307692307,4.187179487179487,rising,medium,22.872951778835642,high
1978-06-30,146.7,140.1076923076923,4.512820512820512,rising,medium,20.998867490830346,high
1978-07-31,135.4,147.6153846153846,4.934615384615384,rising,high,22.43638585548982,high
1978-08-31,116.9,154.77692307692308,5.102564102564102,rising,high,22.933605394927927,high
1978-09-30,159.6,158.0076923076923,4.987179487179486,rising,high,23.906151981532126,high
1978-10-31,157.1,160.66923076923075,4.730128205128204,rising,high,23.69554756402526,high
1978-11-30,148.3,162.07692307692307,4.389102564102562,rising,high,23.584392927179586,high
1978-12-31,170.0,164.8692307692308,4.203205128205131,rising,high,24.13926209226335,high
1979-01-31,196.5,166.76923076923077,4.09871794871795,rising,high,23.5549847737653,high
1979-02-28,199.2,169.96923076923076,4.1525641025641,rising,high,21.690181519733322,high
1979-03-31,183.9,176.53846153846155,4.2301282051282065,rising,high,16.61698621198307,normal
1979-04-30,174.9,180.91538461538462,4.236538461538463,rising,high,19.092880267866352,normal
1979-05-31,168.8,186.2846153846154,4.3506410256410275,rising,high,21.50018783459992,high
1979-06-30,186.0,190.04615384615383,4.16153846153846,rising,high,18.347280242796007,normal
1979-07-31,171.4,192.3230769230769,3.725641025641025,rising,high,17.46783490906231,normal
1979-08-31,177.0,192.21538461538464,3.1198717948717962,rising,high,17.444237164645802,normal
1979-09-30,202.3,189.70000000000002,2.6410256410256423,rising,high,18.667842224888602,normal
1979-10-31,216.5,191.66153846153844,2.5826923076923074,rising,high,19.33539666266415,normal
1979-11-30,226.9,195.83846153846156,2.813461538461541,rising,high,21.188972700500667,high
1979-12-31,197.2,198.1846153846154,2.7762820512820503,rising,high,19.572550768608092,normal
1980-01-31,199.6,198.55384615384614,2.648717948717947,rising,high,19.367740161783367,normal
1980-02-29,195.1,198.4692307692308,2.375000000000002,rising,high,19.498221483654312,normal
1980-03-31,166.5,199.14615384615385,1.8839743589743587,rising,high,18.832136335911446,normal
1980-04-30,209.4,199.1846153846154,1.5224358974358978,rising,high,18.839623410684393,normal
1980-05-31,229.2,198.94615384615386,1.0551282051282058,rising,high,18.620535947559517,normal
1980-06-30,199.3,198.43846153846152,0.6993589743589746,plateau,high,17.869692147205416,normal
1980-07-31,190.8,196.26923076923077,0.3288461538461552,plateau,high,19.654998711751993,normal
1980-08-31,170.3,196.2769230769231,0.33846153846153965,plateau,high,19.65643040865392,normal
1980-09-30,185.8,196.89999999999998,0.5999999999999966,plateau,high,19.744197459844532,normal
1980-10-31,202.8,201.37692307692305,0.809615384615384,rising,high,18.85497961839929,normal
1980-11-30,213.4,200.56923076923078,0.3942307692307689,plateau,high,18.706967713278324,normal
1980-12-31,220.3,195.3923076923077,-0.2326923076923085,plateau,high,19.422043384535204,normal
1981-01-31,169.0,195.30769230769232,-0.27051282051281805,plateau,high,19.405989691263734,normal
1981-02-28,199.7,198.0076923076923,-0.0384615384615401,plateau,high,21.094843822541876,high
1981-03-31,203.2,201.97692307692307,0.23589743589743506,plateau,high,20.28592097351228,high
1981-04-30,224.7,204.82307692307694,0.46987179487179515,plateau,high,20.422257214705336,high
1981-05-31,198.9,204.86153846153846,0.49294871794871636,plateau,high,20.41860011776579,high
1981-06-30,161.9,203.93846153846152,0.4583333333333333,plateau,high,20.27114280866339,high
1981-07-31,198.2,200.33076923076925,0.33846153846153965,plateau,high,21.26563678078566,high
1981-08-31,225.9,203.40769230769232,0.594230769230767,plateau,high,19.14242502655896,normal
1981-09-30,221.9,204.06923076923073,0.5974358974358959,plateau,high,19.152214172055995,normal
1981-10-31,222.8,200.97692307692307,-0.03333333333333144,plateau,high,22.292194218535755,high
1981-11-30,203.3,195.06923076923078,-0.4583333333333333,plateau,high,25.43614176113008,high
1981-12-31,201.4,193.41538461538462,-0.1647435897435893,plateau,high,25.861710634122318,high
1982-01-31,173.4,193.63846153846154,-0.13910256410256494,plateau,high,25.578165768924137,high
1982-02-28,209.0,191.63076923076926,-0.5314102564102541,plateau,high,26.20688155858381,high
1982-03-31,208.3,187.10000000000002,-1.2397435897435873,falling,high,24.84458358140329,high
1982-04-30,163.0,182.40769230769232,-1.8679487179487186,falling,high,23.44534287580594,high
1982-05-31,147.9,177.86153846153846,-2.25,falling,high,20.50603725985514,high
1982-06-30,177.4,177.0846153846154,-2.23782051282051,falling,high,19.634741580247,normal
1982-07-31,164.8,172.1846153846154,-2.345512820512821,falling,high,20.964368428115083,high
1982-08-31,172.1,168.04615384615383,-2.9467948717948738,falling,high,25.51971836915588,high
1982-09-30,167.0,160.9923076923077,-3.5897435897435863,falling,high,25.92648136360668,high
1982-10-31,160.9,154.19230769230768,-3.8987179487179495,falling,high,24.0062999210092,high
1982-11-30,163.7,152.43076923076922,-3.5532051282051307,falling,high,24.145923900850264,high
1982-12-31,193.2,152.05384615384614,-3.4467948717948738,falling,high,24.260517148397792,high
1983-01-31,137.7,148.33846153846156,-3.7749999999999986,falling,high,23.74845743978423,high
1983-02-28,119.6,145.46923076923076,-3.846794871794875,falling,high,23.84692099675876,high
1983-03-31,117.3,140.7076923076923,-3.8660256410256437,falling,medium,24.26260708506233,high
1983-04-30,119.9,136.46153846153845,-3.8288461538461553,falling,medium,24.107520903290318,high
1983-05-31,140.1,131.03846153846152,-3.901923076923078,falling,medium,26.00668306613862,high
1983-06-30,143.0,125.4076923076923,-4.306410256410259,falling,medium,26.26878570783434,high
1983-07-31,129.1,119.1923076923077,-4.416025641025642,falling,medium,16.712742720175843,normal
1983-08-31,127.5,119.15384615384616,-4.074358974358972,falling,medium,16.667114096558937,normal
1983-09-30,110.2,119.25384615384615,-3.478205128205128,falling,medium,16.67391252748977,normal
1983-10-31,111.8,120.20769230769231,-2.8320512820512804,falling,medium,16.905889582158153,normal
1983-11-30,90.4,121.07692307692308,-2.612820512820511,falling,medium,17.17707551002043,normal
1983-12-31,90.5,118.26153846153846,-2.8160256410256395,falling,medium,16.79447024378121,normal
1984-01-31,112.4,114.35384615384616,-2.832051282051283,falling,medium,16.465500062485667,normal
1984-02-29,137.2,111.0153846153846,-2.8711538461538466,falling,medium,17.588009464493172,normal
1984-03-31,120.9,107.27692307692307,-2.7858974358974358,falling,medium,18.907721255533385,normal
1984-04-30,129.7,104.42307692307692,-2.6698717948717943,falling,medium,21.102257140180136,high
1984-05-31,131.2,101.56153846153846,-2.456410256410255,falling,medium,22.494834164816425,high
1984-06-30,103.5,100.26153846153846,-2.0955128205128197,falling,medium,23.652185891285527,high
1984-07-31,92.2,98.84615384615384,-1.6955128205128212,falling,medium,24.807344859423957,high
1984-08-31,85.7,95.73076923076923,-1.9519230769230778,falling,medium,25.49684243899634,high
1984-09-30,78.9,90.75384615384615,-2.375,falling,medium,22.911118675751982,high
1984-10-31,73.1,87.27692307692308,-2.7442307692307693,falling,medium,21.330149001127257,high
1984-11-30,74.6,83.60769230769232,-3.122435897435897,falling,low,17.109474058665203,normal
1984-12-31,73.5,79.55384615384615,-3.225641025641026,falling,low,9.3996112849271,normal
1985-01-31,72.1,77.84615384615384,-3.0423076923076935,falling,low,6.13699375164498,normal
1985-02-28,71.9,76.3923076923077,-2.885256410256409,falling,low,4.463828987630127,normal
1985-03-31,72.5,75.19999999999999,-2.6730769230769234,falling,low,3.789678966179707,normal
1985-04-30,75.7,74.83846153846153,-2.465384615384616,falling,low,3.6280248211116826,normal
1985-05-31,82.0,74.8,-2.230128205128205,falling,low,3.650570731639785,normal
1985-06-30,78.5,74.63076923076923,-2.135897435897436,falling,low,3.7111059931435695,normal
1985-07-31,81.3,74.43076923076923,-2.034615384615384,falling,low,3.844776676524424,normal
1985-08-31,73.3,75.15384615384616,-1.7147435897435888,falling,low,4.234110568670889,normal
1985-09-30,70.2,75.48461538461538,-1.2724358974358978,falling,low,4.125297192095984,normal
1985-10-31,74.2,75.72307692307692,-0.9628205128205138,falling,low,4.02681715630278,normal
1985-11-30,72.6,75.6076923076923,-0.6666666666666679,plateau,low,4.048963146799512,normal
1985-12-31,72.4,74.66153846153847,-0.40769230769230685,plateau,low,3.8636205950639777,normal
1986-01-31,70.9,74.2,-0.30384615384615304,plateau,low,3.7226782473606224,normal
1986-02-28,81.5,73.33846153846153,-0.2544871794871805,plateau,low,3.2022227857021077,normal
1986-03-31,76.2,73.03846153846153,-0.18012820512820463,plateau,low,3.383671196979677,normal
1986-04-30,75.6,73.97692307692307,-0.07179487179487154,plateau,low,4.138468687444891,normal
1986-05-31,74.2,74.07692307692308,-0.060256410256409744,plateau,low,4.159958702955492,normal
1986-06-30,69.7,73.9076923076923,-0.06025641025641093,plateau,low,4.268384069427369,normal
1986-07-31,72.5,73.73846153846154,-0.057692307692307786,plateau,low,4.3754120685107605,normal
1986-08-31,70.1,73.65384615384616,-0.125,plateau,low,4.444962576640122,normal
1986-09-30,69.4,73.02307692307693,-0.2051282051282044,plateau,low,3.7692072212817123,normal
1986-10-31,82.4,73.73846153846154,-0.1653846153846151,plateau,low,5.077817520280695,normal
1986-11-30,75.5,74.82307692307693,-0.06538461538461486,plateau,low,6.741804141100619,normal
1986-12-31,70.4,75.30000000000001,0.05320512820512846,plateau,low,6.9112227572288685,normal
1987-01-31,70.2,76.63076923076923,0.20256410256410243,plateau,low,7.391930804984493,normal
1987-02-28,69.8,78.14615384615385,0.4006410256410267,plateau,low,8.4220559034634,normal
1987-03-31,73.3,79.44615384615385,0.5339743589743596,plateau,low,8.380793059593396,normal
1987-04-30,85.5,81.60769230769232,0.6358974358974372,plateau,low,9.161191838263816,normal
1987-05-31,89.7,82.88461538461539,0.7339743589743589,plateau,low,10.35936340980687,normal
1987-06-30,80.4,84.11538461538461,0.8506410256410261,rising,low,10.359363409806848,normal
1987-07-31,87.0,86.74615384615385,1.0839743589743591,rising,low,10.913799780143458,normal
1987-08-31,92.2,89.22307692307692,1.2974358974358964,rising,medium,10.491437290013666,normal
1987-09-30,87.0,92.6076923076923,1.6320512820512814,rising,medium,10.796176911178678,normal
1987-10-31,97.5,96.47692307692309,1.894871794871796,rising,medium,12.219530395107391,normal
1987-11-30,99.0,98.96923076923076,2.0121794871794862,rising,medium,13.068753103962793,normal
1987-12-31,91.5,103.13076923076923,2.3192307692307685,rising,medium,17.673538818216414,normal
1988-01-31,104.6,109.06923076923077,2.7032051282051284,rising,medium,21.870847591234323,high
1988-02-29,102.4,114.53076923076924,3.0320512820512824,rising,medium,24.5957443681964,high
1988-03-31,113.8,119.29230769230769,3.32051282051282,rising,medium,25.87104113155849,high
1988-04-30,123.6,125.57692307692308,3.6641025641025635,rising,medium,27.25894818972801,high
1988-05-31,117.9,129.83076923076922,3.912179487179486,rising,medium,26.823726581001484,high
1988-06-30,143.8,137.1,4.415384615384615,rising,medium,30.345839912581344,high
1988-07-31,157.6,147.5846153846154,5.069871794871797,rising,high,36.249732094500885,high
1988-08-31,158.0,156.23076923076923,5.583974358974359,rising,high,38.4788986462145,high
1988-09-30,154.1,163.96923076923076,5.9467948717948715,rising,high,36.83140382462107,high
1988-10-31,168.7,169.90000000000003,6.118589743589745,rising,high,34.192689277095496,high
1988-11-30,152.8,175.34615384615384,6.36474358974359,rising,high,31.755120725761564,high
1988-12-31,193.5,185.2923076923077,6.846794871794873,rising,high,32.50324244180518,high
1989-01-31,227.8,188.67692307692306,6.633974358974357,rising,high,30.01844304884779,high
1989-02-28,217.0,193.66923076923075,6.594871794871793,rising,high,29.81541504589476,high
1989-03-31,203.0,199.08461538461538,6.649358974358974,rising,high,29.183609730858667,high
1989-04-30,190.9,203.1846153846154,6.467307692307693,rising,high,25.895940677830843,high
1989-05-31,194.4,207.89999999999998,6.505769230769229,rising,high,24.644167667015843,high
1989-06-30,247.2,212.01538461538465,6.242948717948721,rising,high,18.33575042341413,normal
1989-07-31,187.8,212.7769230769231,5.432692307692309,rising,high,17.697135071631717,normal
1989-08-31,222.5,208.64615384615385,4.367948717948718,rising,high,20.013854175903948,normal
1989-09-30,228.4,206.33846153846156,3.530769230769233,rising,high,20.688545077793343,high
1989-10-31,207.4,205.07692307692307,2.9314102564102527,rising,high,21.39696839298143,high
1989-11-30,230.0,205.3153846153846,2.497435897435897,rising,high,21.24252206282798,high
1989-12-31,206.3,203.92307692307693,1.5525641025641026,rising,high,22.56930636381145,high
1990-01-31,203.4,199.26153846153846,0.8820512820512837,rising,high,18.83523021988022,normal
1990-02-28,174.1,202.3615384615385,0.724358974358978,plateau,high,20.067699521932127,normal
1990-03-31,187.0,199.03846153846155,-0.0038461538461523523,plateau,high,20.03178883930628,normal
1990-04-30,186.6,195.3846153846154,-0.6500000000000009,plateau,high,18.50364136027653,normal
1990-05-31,194.0,193.3,-1.216666666666664,falling,high,18.56362931469293,normal
1990-06-30,176.3,190.87692307692308,-1.7615384615384642,falling,high,15.10828436356195,normal
1990-07-31,186.6,192.09230769230768,-1.7237179487179521,falling,high,16.97284407214741,normal
1990-08-31,228.1,194.69230769230768,-1.1628205128205142,falling,high,20.968009822046263,high
1990-09-30,179.3,198.80769230769232,-0.6275641025641031,plateau,high,21.82236855226216,high
1990-10-31,180.9,199.8153846153846,-0.4384615384615387,plateau,high,21.532217959522914,high
1990-11-30,180.3,200.42307692307693,-0.40769230769230563,plateau,high,21.237629883697327,high
1990-12-31,198.5,201.90769230769232,-0.16794871794871824,plateau,high,21.42496447054447,high
1991-01-31,222.1,205.18461538461537,0.4935897435897421,plateau,high,20.415959694719216,high
1991-02-28,237.2,207.4076923076923,0.42051282051281663,plateau,high,19.787431260712555,normal
1991-03-31,227.6,203.89999999999998,0.4051282051282025,plateau,high,19.85526798274595,normal
1991-04-30,200.1,205.49230769230766,0.8423076923076896,rising,high,18.50195762338205,normal
1991-05-31,194.5,204.52307692307693,0.9352564102564097,rising,high,20.153872822452247,normal
1991-06-30,213.3,207.34615384615384,1.3724358974358968,rising,high,19.01633575747479,normal
1991-07-31,218.9,208.27692307692308,1.34871794871795,rising,high,18.842600397598474,normal
1991-08-31,215.5,208.6153846153846,1.1602564102564112,rising,high,19.14862249849142,normal
1991-09-30,182.5,203.41538461538462,0.38397435897435866,plateau,high,19.90317588367245,normal
1991-10-31,200.0,198.19230769230768,-0.13525641025641022,plateau,high,21.84248389181265,high
1991-11-30,168.3,192.66153846153844,-0.6467948717948744,plateau,high,29.18725573663773,high
1991-12-31,217.0,186.96153846153845,-1.2455128205128219,falling,high,35.37740659567762,high
1992-01-31,210.6,181.05384615384614,-2.010897435897436,falling,high,36.988367887409666,high
1992-02-29,226.5,173.83846153846156,-2.797435897435894,falling,high,38.121921481424565,high
1992-03-31,169.6,166.33846153846156,-3.1301282051282016,falling,high,38.82693520529148,high
1992-04-30,159.7,162.35384615384615,-3.5948717948717928,falling,high,39.67878558677209,high
1992-05-31,128.2,157.8923076923077,-3.885897435897436,falling,high,38.330959235289754,high
1992-06-30,120.4,155.30769230769232,-4.33653846153846,falling,high,38.701711020282374,high
1992-07-31,136.5,147.6307692307692,-5.053846153846156,falling,high,35.182817411708996,high
1992-08-31,125.1,142.13076923076923,-5.540384615384615,falling,medium,29.676544739782663,high
1992-09-30,118.0,135.09230769230768,-5.693589743589745,falling,medium,15.430028166882455,normal
1992-10-31,130.7,131.02307692307693,-5.597435897435896,falling,medium,12.210866325133306,normal
1992-11-30,142.0,127.57692307692308,-5.423717948717947,falling,medium,9.45367246507633,normal
1992-12-31,134.7,126.39230769230768,-5.047435897435897,falling,medium,10.29639593405328,normal
1993-01-31,117.2,124.99230769230768,-4.671794871794872,falling,medium,12.234068656724794,normal
1993-02-28,139.1,121.87692307692306,-4.330128205128208,falling,medium,14.077236580508648,normal
1993-03-31,135.0,119.01538461538462,-3.943589743589745,falling,medium,16.871121586597777,normal
1993-04-30,116.7,117.60769230769232,-3.7288461538461526,falling,medium,17.705717604702112,normal
1993-05-31,114.9,114.76923076923077,-3.5935897435897437,falling,medium,18.376995792539045,normal
1993-06-30,112.8,111.65384615384616,-3.637820512820513,falling,medium,16.735571665598506,normal
1993-07-31,102.2,109.85384615384615,-3.148076923076921,falling,medium,15.242026078392078,normal
1993-08-31,96.0,108.31538461538463,-2.817948717948717,falling,medium,15.446728140821147,normal
1993-09-30,87.9,104.5,-2.5493589743589737,falling,medium,13.166561181013071,normal
1993-10-31,99.7,100.24615384615385,-2.5647435897435904,falling,medium,11.291044783708934,normal
1993-11-30,93.8,97.55384615384614,-2.5019230769230787,falling,medium,11.213281959699472,normal
1993-12-31,101.5,94.84615384615384,-2.6288461538461534,falling,medium,10.921737909984344,normal
1994-01-31,111.3,92.56923076923077,-2.7019230769230753,falling,medium,9.904997443664758,normal
1994-02-28,97.2,90.70769230769231,-2.5974358974358958,falling,medium,10.213427561995744,normal
1994-03-31,89.5,89.46923076923078,-2.462179487179487,falling,medium,10.490581856710326,normal
1994-04-30,79.7,89.4076923076923,-2.3500000000000014,falling,medium,10.502893374246995,normal
1994-05-31,81.7,87.82307692307691,-2.245512820512822,falling,medium,10.373857675761503,normal
1994-06-30,79.7,86.87692307692306,-2.0647435897435913,falling,medium,10.344173387804181,normal
1994-07-31,83.2,85.22307692307692,-2.052564102564103,falling,low,9.49527547837819,normal
1994-08-31,78.0,83.08461538461538,-2.1025641025641044,falling,low,5.365296847001551,normal
1994-09-30,79.9,82.08461538461538,-1.8679487179487186,falling,low,3.3470997778841003,normal
1994-10-31,87.1,81.21538461538461,-1.5858974358974365,falling,low,2.6570178000492883,normal
1994-11-30,79.1,81.01538461538462,-1.3782051282051266,falling,low,2.869914677554979,normal
1994-12-31,81.5,80.73846153846154,-1.1756410256410252,falling,low,2.9702801387410322,normal
1995-01-31,80.0,80.47692307692306,-1.0076923076923094,falling,low,3.209401254173722,normal
1995-02-28,83.5,79.9,-0.9006410256410255,falling,low,3.3501243758059203,normal
1995-03-31,84.2,79.5,-0.8307692307692314,falling,low,3.8665229858408754,normal
1995-04-30,78.2,79.3153846153846,-0.8410256410256416,falling,low,3.90295745853229,normal
1995-05-31,77.1,78.2,-0.8019230769230757,falling,low,3.5487086853346685,normal
1995-06-30,78.1,77.52307692307691,-0.779487179487179,falling,low,4.1509344020705825,normal
1995-07-31,76.3,76.8,-0.7019230769230766,plateau,low,4.218609565568213,normal
1995-08-31,75.7,76.0153846153846,-0.5891025641025642,plateau,low,4.512177256024067,normal
1995-09-30,72.8,74.97692307692307,-0.592307692307692,plateau,low,4.187909949321672,normal
1995-10-31,77.5,73.87692307692308,-0.6115384615384608,plateau,low,3.3596016247408267,normal
1995-11-30,72.6,73.37692307692308,-0.6365384615384618,plateau,low,3.139042806912334,normal
1995-12-31,70.3,72.99230769230769,-0.6455128205128204,plateau,low,2.945182942389325,normal
1996-01-31,72.1,72.65384615384616,-0.6519230769230747,plateau,low,2.5333164641889745,normal
1996-02-29,69.8,72.49230769230769,-0.6173076923076929,plateau,low,2.341104275936446,normal
1996-03-31,70.0,72.06153846153846,-0.6198717948717949,plateau,low,2.2134206037871835,normal
1996-04-30,69.9,71.74615384615385,-0.6307692307692297,plateau,low,2.3848883218572903,normal
1996-05-31,71.7,71.71538461538461,-0.5403846153846162,plateau,low,2.3057342120134408,normal
1996-06-30,72.1,71.8,-0.4769230769230764,plateau,low,2.3604378125054724,normal
1996-07-31,73.7,71.9,-0.4083333333333326,plateau,low,2.3187640386002153,normal
1996-08-31,74.2,71.8923076923077,-0.34358974358974237,plateau,low,2.318211069799616,normal
1996-09-30,70.1,72.11538461538461,-0.2384615384615382,plateau,low,2.2382456500086,normal
1996-10-31,68.7,72.50769230769231,-0.11410256410256399,plateau,low,2.2830759727776395,normal
1996-11-30,77.1,73.00769230769231,-0.03076923076923066,plateau,low,2.3743285150699696,normal
1996-12-31,73.7,73.2,0.01730769230769269,plateau,low,2.360790827958234,normal
1997-01-31,71.6,73.31538461538462,0.055128205128204634,plateau,low,2.3391045843332017,normal
1997-02-28,72.0,73.87692307692308,0.11538461538461557,plateau,low,3.168373359253588,normal
1997-03-31,72.7,75.62307692307692,0.2967948717948718,plateau,low,7.1343247573703295,normal
1997-04-30,75.1,76.71538461538461,0.4141025641025635,plateau,low,7.3032921975718565,normal
1997-05-31,76.4,78.91538461538461,0.6000000000000002,plateau,low,8.834670919533247,normal
1997-06-30,74.2,80.27692307692307,0.706410256410256,plateau,low,9.83845803011285,normal
1997-07-31,73.6,81.55384615384615,0.8044871794871788,rising,low,9.98979607604984,normal
1997-08-31,81.0,83.05384615384615,0.9301282051282046,rising,low,9.833413732832573,normal
1997-09-30,96.9,85.83846153846153,1.143589743589743,rising,low,11.437113451505047,normal
1997-10-31,84.3,88.63076923076922,1.3435897435897424,rising,medium,12.356400811954655,normal
1997-11-30,97.3,91.26153846153846,1.5211538461538463,rising,medium,12.865751594935904,normal
1997-12-31,94.8,94.0,1.7333333333333332,rising,medium,13.22264471780756,normal
1998-01-31,90.3,97.33846153846154,2.0019230769230774,rising,medium,13.285614931292933,normal
1998-02-28,91.1,102.39230769230768,2.3762820512820504,rising,medium,15.767342913887884,normal
1998-03-31,108.2,106.9,2.606410256410257,rising,medium,17.430672199699,normal
1998-04-30,109.0,108.43076923076924,2.6429487179487197,rising,medium,17.35292408670654,normal
1998-05-31,109.3,112.46153846153847,2.7955128205128212,rising,medium,17.3664685750804,normal
1998-06-30,112.0,116.16923076923075,2.99102564102564,rising,medium,18.934289204834986,normal
1998-07-31,117.6,119.43076923076923,3.1564102564102563,rising,medium,18.59535715420195,normal
1998-08-31,139.3,123.14615384615385,3.3410256410256416,rising,medium,17.0510320012518,normal
1998-09-30,139.6,125.74615384615383,3.325641025641025,rising,medium,14.074481363128287,normal
1998-10-31,116.8,126.48461538461538,3.1544871794871803,rising,medium,13.308133237100908,normal
1998-11-30,136.7,129.7846153846154,3.210256410256411,rising,medium,13.91622830570226,normal
1998-12-31,145.5,134.83076923076922,3.4025641025641016,rising,medium,17.341394821610844,normal
1999-01-31,137.2,139.24615384615385,3.492307692307692,rising,medium,18.32355566771112,normal
1999-02-28,138.6,143.7,3.442307692307692,rising,high,19.614917792333845,normal
1999-03-31,124.9,143.52307692307693,3.0519230769230767,rising,high,19.66821267282832,normal
1999-04-30,117.8,145.39999999999998,3.080769230769228,rising,high,20.412781943348172,high
1999-05-31,151.9,150.84615384615384,3.1987179487179476,rising,high,21.558973977774826,high
1999-06-30,174.9,153.0,3.0692307692307708,rising,high,21.42619113763992,high
1999-07-31,169.4,153.63076923076923,2.85,rising,high,21.307369015413116,high
1999-08-31,175.5,156.08461538461538,2.7448717948717936,rising,high,21.093239286315306,high
1999-09-30,137.0,161.3230769230769,2.96474358974359,rising,high,24.560406953949286,high
1999-10-31,164.0,165.9846153846154,3.291666666666669,rising,high,22.75587272749066,high
1999-11-30,187.6,171.40769230769232,3.4685897435897437,rising,high,18.275323140712032,normal
1999-12-31,164.7,173.94615384615386,3.259615384615387,rising,high,17.61999883582196,normal
2000-01-31,153.7,176.58461538461538,3.1115384615384607,rising,high,20.159772078483872,normal
2000-02-29,169.1,176.42307692307693,2.726923076923079,rising,high,20.23042897247273,high
2000-03-31,206.7,177.08461538461538,2.7967948717948707,rising,high,20.338053256307933,high
2000-04-30,185.5,179.37692307692305,2.831410256410256,rising,high,16.818449881313775,normal
2000-05-31,188.3,180.24615384615385,2.4500000000000006,rising,high,16.239541012839588,normal
2000-06-30,184.9,178.72307692307692,2.143589743589743,rising,high,16.41986367412745,normal
2000-07-31,209.2,178.46923076923076,2.069871794871794,rising,high,16.678198574555793,normal
2000-08-31,167.3,177.66923076923075,1.7987179487179479,rising,high,18.149811046554955,normal
2000-09-30,184.1,178.2153846153846,1.407692307692308,rising,high,17.97645896507663,normal
2000-10-31,166.8,176.32307692307694,0.8615384615384608,rising,high,15.903362005466981,normal
2000-11-30,175.3,173.63076923076926,0.18525641025641212,plateau,high,17.13521639856496,normal
2000-12-31,167.8,172.94615384615383,-0.0833333333333357,plateau,high,16.671813307926875,normal
2001-01-31,161.4,169.17692307692306,-0.6173076923076929,plateau,high,19.105459684174033,normal
2001-02-28,143.3,165.93846153846152,-0.8737179487179508,falling,high,14.850226623497747,normal
2001-03-31,176.2,171.26153846153846,-0.48525641025640925,plateau,high,24.588396262652836,high
2001-04-30,182.1,173.07692307692307,-0.5249999999999986,plateau,high,26.418369677371558,high
2001-05-31,150.5,176.43846153846152,-0.3173076923076934,plateau,high,28.26857909592507,high
2001-06-30,179.4,180.7153846153846,0.16602564102564088,plateau,high,32.03684977630837,high
2001-07-31,135.9,184.72307692307692,0.5211538461538462,plateau,high,33.5113700566976,high
2001-08-31,167.1,187.66923076923075,0.8333333333333334,rising,high,32.96923779867599,high
2001-09-30,236.5,190.3153846153846,1.0083333333333329,rising,high,30.391030643756515,high
2001-10-31,207.7,191.46923076923076,1.2621794871794851,rising,high,30.093753078653684,high
2001-11-30,210.5,191.54615384615383,1.492948717948714,rising,high,30.069076456957614,high
2001-12-31,230.9,191.80769230769232,1.571794871794874,rising,high,29.694765575166716,high
2002-01-31,219.9,191.92307692307693,1.8955128205128229,rising,high,29.645408690221494,high
2002-02-28,199.7,195.92307692307693,2.498717948717951,rising,high,24.521764273333314,high
2002-03-31,177.7,196.76923076923077,2.1256410256410256,rising,high,23.617415347414934,high
2002-04-30,191.2,191.37692307692308,1.525000000000001,rising,high,21.716244067753987,high
2002-05-31,183.1,188.10000000000002,0.9717948717948749,rising,high,22.255298994471804,high
2002-06-30,153.9,183.6076923076923,0.24102564102564136,plateau,high,23.2297747706998,high
2002-07-31,180.9,176.56153846153848,-0.6801282051282035,plateau,high,21.518694913243145,high
2002-08-31,187.9,168.9846153846154,-1.5570512820512785,falling,high,22.313853923584855,high
2002-09-30,178.1,163.64615384615385,-2.2224358974358958,falling,high,22.652211642744717,high
2002-10-31,166.4,159.76153846153846,-2.6423076923076914,falling,high,24.310681413099847,high
2002-11-30,165.1,154.17692307692306,-3.114102564102564,falling,high,24.82029256630412,high
2002-12-31,152.1,150.36153846153846,-3.4538461538461553,falling,high,23.794801199055502,high
2003-01-31,139.3,148.66923076923078,-3.6044871794871796,falling,high,24.299155836345086,high
2003-02-28,121.4,144.3846153846154,-4.294871794871796,falling,high,23.019406528472587,high
2003-03-31,130.3,138.66153846153847,-4.842307692307692,falling,medium,20.398510503692187,high
2003-04-30,127.2,136.75384615384615,-4.551923076923077,falling,medium,17.331984661535508,normal
2003-05-31,118.6,134.61538461538464,-4.457051282051282,falling,medium,14.915978353980675,normal
2003-06-30,133.5,130.5,-4.425641025641025,falling,medium,13.07051388941319,normal
2003-07-31,131.9,127.28461538461539,-4.106410256410257,falling,medium,12.440313913098015,normal
2003-08-31,125.2,124.60000000000001,-3.6987179487179502,falling,medium,13.362821558339006,normal
2003-09-30,113.5,123.8076923076923,-3.3198717948717955,falling,medium,13.864310389056943,normal
2003-10-31,153.3,121.60769230769232,-3.179487179487179,falling,medium,14.97305699907155,normal
2003-11-30,138.6,119.6923076923077,-2.8737179487179474,falling,medium,15.769509691092033,normal
2003-12-31,111.6,118.31538461538463,-2.670512820512819,falling,medium,16.63078702055578,normal
2004-01-31,110.3,117.54615384615384,-2.5935897435897446,falling,medium,16.092473156966953,normal
2004-02-29,104.4,116.03076923076924,-2.3628205128205124,falling,medium,15.546456435223988,normal
2004-03-31,111.1,114.4076923076923,-2.0211538461538474,falling,medium,15.610704742711398,normal
2004-04-30,101.7,113.80000000000001,-1.912820512820512,falling,medium,15.801582199261237,normal
2004-05-31,102.3,110.55384615384615,-2.0051282051282073,falling,medium,10.433648721374267,normal
2004-06-30,100.7,107.03076923076922,-1.9557692307692314,falling,medium,7.4921497377132535,normal
2004-07-31,123.5,106.08461538461538,-1.7666666666666682,falling,medium,7.642190584059388,normal
2004-08-31,112.2,104.9,-1.6416666666666668,falling,medium,8.1133634620098,normal
2004-09-30,104.1,103.70769230769231,-1.6749999999999996,falling,medium,9.251978305428059,normal
2004-10-31,105.6,101.81538461538463,-1.649358974358974,falling,medium,10.09165052191261,normal
2004-11-30,111.1,101.82307692307693,-1.489102564102564,falling,medium,10.091593353393963,normal
2004-12-31,92.8,101.3923076923077,-1.4102564102564112,falling,medium,10.188593420950935,normal
2005-01-31,99.3,101.3153846153846,-1.3525641025641033,falling,medium,10.198026455631126,normal
2005-02-28,94.9,99.10769230769232,-1.41025641025641,falling,medium,7.825861138821159,normal
2005-03-31,88.9,97.92307692307692,-1.3737179487179485,falling,medium,6.77374266883518,normal
2005-04-30,86.5,95.77692307692308,-1.5019230769230774,falling,medium,8.77716296667655,normal
2005-05-31,101.8,94.13846153846154,-1.3679487179487175,falling,medium,8.778718439265834,normal
2005-06-30,96.7,92.35384615384615,-1.223076923076923,falling,medium,7.27216329398395,normal
2005-07-31,99.7,91.43076923076924,-1.2211538461538443,falling,medium,7.94159772079793,normal
2005-08-31,94.8,89.53846153846153,-1.2801282051282061,falling,medium,8.795220147097284,normal
2005-09-30,96.8,87.98461538461538,-1.310256410256411,falling,medium,9.523291286266815,normal
2005-10-31,76.2,88.04615384615384,-1.147435897435899,falling,medium,9.53227984137937,normal
2005-11-30,84.3,87.74615384615383,-1.1730769230769245,falling,medium,9.645691212887105,normal
2005-12-31,87.9,86.0,-1.282692307692308,falling,low,8.916651090329553,normal
2006-01-31,80.8,84.5923076923077,-1.393589743589742,falling,low,8.522466538358742,normal
2006-02-28,74.7,83.17692307692307,-1.3275641025641036,falling,low,7.235002170715983,normal
2006-03-31,74.7,81.93846153846154,-1.3320512820512818,falling,low,6.410608195476155,normal
2006-04-30,89.7,80.17692307692309,-1.2999999999999996,falling,low,4.971276470243675,normal
2006-05-31,82.6,80.8153846153846,-1.1102564102564116,falling,low,4.950899944092883,normal
2006-06-30,79.1,80.67692307692309,-0.9730769230769217,falling,low,4.869831250696996,normal
2006-07-31,78.4,80.16153846153846,-0.9391025641025657,falling,low,4.370648018609228,normal
2006-08-31,81.3,79.77692307692307,-0.8134615384615387,falling,low,4.526984619324262,normal
2006-09-30,78.7,79.53076923076924,-0.7044871794871786,plateau,low,4.897854056521393,normal
2006-10-31,73.9,79.3923076923077,-0.7211538461538455,plateau,low,5.068277409282625,normal
2006-11-30,84.5,78.33846153846153,-0.7839743589743584,falling,low,4.072987941209685,normal
2006-12-31,82.5,77.85384615384615,-0.6788461538461542,plateau,low,3.894572159775843,normal
2007-01-31,81.2,77.45384615384616,-0.5948717948717951,plateau,low,4.020906901148183,normal
2007-02-28,75.8,76.86923076923077,-0.5256410256410255,plateau,low,4.4059400463824385,normal
2007-03-31,71.5,75.83076923076923,-0.5089743589743586,plateau,low,4.8437906325848274,normal
2007-04-30,72.9,74.94615384615385,-0.43589743589743674,plateau,low,5.304340264447078,normal
2007-05-31,76.0,74.47692307692309,-0.5282051282051263,plateau,low,5.6623248826724835,normal
2007-06-30,76.3,73.81538461538462,-0.5717948717948728,plateau,low,4.8357774545312235,normal
2007-07-31,73.9,72.99230769230769,-0.5974358974358971,plateau,low,4.087065275244754,normal
2007-08-31,70.8,72.07692307692308,-0.6416666666666657,plateau,low,3.3643111841205604,normal
2007-09-30,67.8,71.8076923076923,-0.6435897435897443,plateau,low,3.17633476889819,normal
2007-10-31,67.2,71.74615384615385,-0.6371794871794876,plateau,low,3.1905107701382125,normal
2007-11-30,67.8,71.51538461538462,-0.5685897435897426,plateau,low,3.208542284239457,normal
2007-12-31,75.9,70.8923076923077,-0.5801282051282044,plateau,low,3.047529474417742,normal
2008-01-31,71.8,70.23846153846154,-0.6012820512820518,plateau,low,2.680341539662396,normal
2008-02-29,69.3,69.76923076923077,-0.5916666666666662,plateau,low,2.514751351323506,normal
2008-03-31,72.3,69.53846153846153,-0.5243589743589752,plateau,low,2.549685752383319,normal
2008-04-30,70.7,69.53846153846153,-0.45064102564102626,plateau,low,2.549685752383319,normal
2008-05-31,69.9,69.53076923076922,-0.41217948717948855,plateau,low,2.5574676978703144,normal
2008-06-30,67.9,69.46923076923076,-0.36217948717948784,plateau,low,2.6116356992601566,normal
2008-07-31,67.8,68.83076923076922,-0.3467948717948725,plateau,low,1.7955429148264435,normal
2008-08-31,67.8,68.56153846153846,-0.29294871794871824,plateau,low,1.5602021565296802,normal
2008-09-30,67.8,68.5,-0.27564102564102555,plateau,low,1.544344521150996,normal
2008-10-31,67.8,68.33076923076922,-0.2846153846153854,plateau,low,1.1678931282371123,normal
2008-11-30,67.1,68.42307692307692,-0.2576923076923083,plateau,low,1.3959189602548017,normal
2008-12-31,67.0,68.49230769230769,-0.20000000000000048,plateau,low,1.494133828492278,normal
2009-01-31,67.6,68.68461538461538,-0.12948717948717933,plateau,low,1.570480899730823,normal
2009-02-28,68.3,68.77692307692307,-0.08269230769230873,plateau,low,1.5492760923300533,normal
2009-03-31,68.5,69.03076923076922,-0.042307692307692456,plateau,low,1.643362718832962,normal
2009-04-30,70.1,69.33846153846153,-0.016666666666666902,plateau,low,1.7637736351092344,normal
2009-05-31,71.9,69.66153846153846,0.010897435897436006,plateau,low,1.8414389579636912,normal
2009-06-30,70.8,70.22307692307693,0.06282051282051408,plateau,low,2.091312923404494,normal
2009-07-31,70.4,71.10769230769232,0.18974358974359143,plateau,low,2.8929401245292614,normal
2009-08-31,69.0,72.26153846153846,0.30833333333333357,plateau,low,4.1118808473219115,normal
2009-09-30,71.1,73.33846153846153,0.4032051282051275,plateau,low,4.768741703626436,normal
2009-10-31,71.8,73.93076923076923,0.4666666666666674,plateau,low,4.5926362464619555,normal
2009-11-30,72.0,74.33076923076923,0.49230769230769295,plateau,low,4.455592855312985,normal
2009-12-31,74.4,74.54615384615384,0.5044871794871794,plateau,low,4.395568864326216,normal
2010-01-31,78.5,75.42307692307692,0.5615384615384613,plateau,low,4.711714805701291,normal
2010-02-28,82.6,76.24615384615385,0.622435897435898,plateau,low,4.695674496211087,normal
2010-03-31,82.3,77.23846153846154,0.6839743589743593,plateau,low,4.389863031565519,normal
2010-04-30,76.2,78.00769230769231,0.7224358974358983,plateau,low,4.0905300264689375,normal
2010-05-31,75.3,78.6923076923077,0.7525641025641031,plateau,low,3.6901810114740825,normal
2010-06-30,74.7,79.42307692307692,0.7666666666666657,plateau,low,3.1565154432693086,normal
2010-07-31,82.2,79.9076923076923,0.733333333333332,plateau,low,2.782523296837556,normal
2010-08-31,81.1,80.95384615384614,0.7243589743589732,plateau,low,4.333515775253011,normal
2010-09-30,81.9,83.41538461538462,0.8397435897435912,rising,low,10.311550655603858,normal
2010-10-31,81.1,85.8153846153846,0.9903846153846144,rising,low,13.244171432108697,normal
2010-11-30,80.7,87.46923076923076,1.0948717948717939,rising,medium,13.285730729833721,normal
2010-12-31,81.5,89.27692307692307,1.2275641025641022,rising,medium,13.089254743628324,normal
2011-01-31,80.7,91.0153846153846,1.2993589743589737,rising,medium,12.478437813140589,normal
2011-02-28,92.1,92.6923076923077,1.3705128205128208,rising,medium,12.658558471015134,normal
2011-03-31,114.6,96.9,1.638461538461539,rising,medium,16.873549320361516,normal
2011-04-30,113.5,101.10769230769232,1.9250000000000007,rising,medium,19.44549911669642,normal
2011-05-31,97.7,106.39230769230768,2.3083333333333322,rising,medium,22.629459469846836,high
2011-06-30,98.8,110.72307692307692,2.608333333333333,rising,medium,22.689981410531402,high
2011-07-31,97.3,114.38461538461539,2.873076923076924,rising,medium,21.384295099981212,high
2011-08-31,104.0,116.1846153846154,2.935897435897438,rising,medium,19.184318515993223,normal
2011-09-30,135.8,117.85384615384615,2.8698717948717936,rising,medium,17.808828119063932,normal
2011-10-31,136.6,117.82307692307693,2.6673076923076935,rising,medium,17.815262831167914,normal
2011-11-30,149.8,118.63076923076923,2.5967948717948723,rising,medium,17.840935355495727,normal
2011-12-31,137.0,120.64615384615385,2.614102564102565,rising,medium,16.724364232291816,normal
2012-01-31,129.1,123.71538461538461,2.725,rising,medium,16.027780370024605,normal
2012-02-29,104.1,125.33846153846154,2.720512820512821,rising,medium,14.079863781392433,normal
2012-03-31,113.8,126.92307692307692,2.501923076923076,rising,medium,12.554823365686667,normal
2012-04-30,114.2,125.86153846153844,2.0628205128205104,rising,medium,12.322982489474683,normal
2012-05-31,124.0,124.46153846153847,1.505769230769232,rising,medium,12.031731550469637,normal
2012-06-30,123.9,121.0,0.8564102564102569,rising,medium,10.511580915035378,normal
2012-07-31,138.7,119.9076923076923,0.4602564102564095,plateau,medium,9.388154019690914,normal
2012-08-31,118.4,117.8076923076923,0.13525641025640903,plateau,medium,10.180492910337835,normal
2012-09-30,124.6,118.26923076923077,0.03461538461538538,plateau,medium,9.628290313392993,normal
2012-10-31,122.0,119.17692307692307,0.11282051282051242,plateau,medium,9.727551408769797,normal
2012-11-30,118.4,120.72307692307693,0.17435897435897493,plateau,medium,10.441755427621308,normal
2012-12-31,104.8,119.94615384615385,-0.05833333333333357,plateau,medium,10.552773362535007,normal
2013-01-31,122.8,119.57692307692308,-0.3448717948717939,plateau,medium,10.486670415830718,normal
2013-02-28,101.8,117.95384615384616,-0.6153846153846155,plateau,medium,8.773123292630478,normal
2013-03-31,110.1,116.83076923076922,-0.8410256410256416,falling,medium,9.606194582610621,normal
2013-04-30,125.6,117.36923076923078,-0.7076923076923052,plateau,medium,10.252429355636199,normal
2013-05-31,134.3,119.16153846153847,-0.44166666666666643,plateau,medium,12.839622168736133,normal
2013-06-30,113.9,121.08461538461538,0.007051282051281286,plateau,medium,14.48308474012861,normal
2013-07-31,119.1,124.8076923076923,0.4083333333333338,plateau,medium,16.080861375066466,normal
2013-08-31,117.6,128.16153846153847,0.8628205128205136,rising,medium,19.754304951138263,normal
2013-09-30,103.8,131.76923076923077,1.125,rising,medium,18.79824391689222,normal
2013-10-31,131.6,134.43846153846155,1.2717948717948733,rising,medium,17.90742576240086,normal
2013-11-30,145.3,134.9923076923077,1.1891025641025632,rising,medium,17.72166572016966,normal
2013-12-31,143.4,134.33846153846153,1.1993589743589734,rising,medium,17.905191912847457,normal
2014-01-31,153.2,136.5,1.41025641025641,rising,medium,16.90014792834667,normal
2014-02-28,166.4,137.14615384615385,1.5993589743589745,rising,medium,16.330422294224128,normal
2014-03-31,148.7,139.5076923076923,1.8897435897435908,rising,medium,15.465146919145937,normal
2014-04-30,144.8,143.3,2.1608974358974358,rising,medium,11.520995327372223,normal
2014-05-31,132.8,144.85384615384618,2.1410256410256423,rising,high,11.168304510579246,normal
2014-06-30,125.8,145.52307692307693,2.0365384615384627,rising,high,11.45426804340877,normal
2014-07-31,142.0,145.06153846153848,1.6878205128205142,rising,high,11.66587176779186,normal
2014-08-31,127.5,142.95384615384617,1.2326923076923084,rising,medium,12.517096001377146,normal
2014-09-30,148.3,139.76923076923077,0.6666666666666666,plateau,medium,11.257988616636084,normal
2014-10-31,153.1,138.31538461538463,0.3230769230769231,plateau,medium,11.2288947329235,normal
2014-11-30,151.8,136.6,0.13397435897435864,plateau,medium,11.84229707446999,normal
2014-12-31,154.0,136.1,0.14679487179487202,plateau,medium,12.14934840502433,normal
2015-01-31,137.4,134.93076923076924,-0.13076923076922972,plateau,medium,13.83735190317528,normal
2015-02-28,125.8,132.35384615384618,-0.3993589743589728,plateau,medium,15.437919515736581,normal
2015-03-31,125.0,130.4692307692308,-0.7532051282051265,plateau,medium,17.444836132572572,normal
2015-04-30,129.8,127.00769230769232,-1.3576923076923073,falling,medium,18.065457902604404,normal
2015-05-31,122.5,123.47692307692309,-1.7814102564102576,falling,medium,16.994614531578133,normal
2015-06-30,126.3,120.17692307692307,-2.1121794871794877,falling,medium,15.095592836219694,normal
2015-07-31,110.6,116.04615384615386,-2.4179487179487182,falling,medium,12.123641874770865,normal
2015-08-31,108.5,113.25384615384615,-2.4750000000000014,falling,medium,10.91570851148464,normal
2015-09-30,103.0,110.55384615384615,-2.4346153846153853,falling,medium,11.854437663073638,normal
2015-10-31,103.3,108.16923076923078,-2.5121794871794876,falling,medium,11.824225458452434,normal
2015-11-30,107.2,105.52307692307691,-2.58974358974359,falling,medium,10.3355498036436,normal
2015-12-31,108.9,102.5923076923077,-2.7923076923076913,falling,medium,10.520572032805253,normal
2016-01-31,100.3,99.73076923076923,-2.933333333333335,falling,medium,8.375199959343254,normal
2016-02-29,101.1,97.93076923076923,-2.868589743589746,falling,medium,8.35906539985085,normal
2016-03-31,90.7,96.39230769230768,-2.8397435897435925,falling,medium,8.087795490579962,normal
2016-04-30,94.0,95.05384615384615,-2.6628205128205145,falling,medium,8.339026260563582,normal
2016-05-31,95.4,93.01538461538462,-2.5384615384615388,falling,medium,9.33477781862469,normal
2016-06-30,84.4,90.36923076923077,-2.483974358974359,falling,medium,9.840764250079989,normal
2016-07-31,89.1,87.75384615384617,-2.3576923076923073,falling,medium,8.986435647187246,normal
2016-08-31,87.2,85.8153846153846,-2.2865384615384627,falling,low,8.76991506551932,normal
2016-09-30,88.5,83.73076923076923,-2.2352564102564103,falling,low,8.023027755092674,normal
2016-10-31,85.6,83.02307692307691,-2.095512820512822,falling,low,7.7584527931542455,normal
2016-11-30,76.8,81.56923076923076,-1.9961538461538464,falling,low,7.2865612163068985,normal
2016-12-31,72.8,80.16153846153846,-1.8692307692307704,falling,low,6.055650042391092,normal
2017-01-31,74.9,79.83076923076922,-1.6583333333333339,falling,low,5.920780440588461,normal
2017-02-28,75.1,79.14615384615384,-1.565384615384616,falling,low,5.234439700137254,normal
2017-03-31,74.0,79.59230769230768,-1.3999999999999997,falling,low,6.145928399961215,normal
2017-04-30,81.5,78.62307692307692,-1.369230769230769,falling,low,5.592726503558335,normal
2017-05-31,75.1,77.47692307692309,-1.2948717948717945,falling,low,5.570480806023006,normal
2017-06-30,77.1,76.91538461538461,-1.1211538461538464,falling,low,5.996088468584443,normal
2017-07-31,80.1,76.53076923076922,-0.9352564102564122,falling,low,6.4269464775782525,normal
2017-08-31,80.2,76.1923076923077,-0.8019230769230757,falling,low,6.632553748804737,normal
2017-09-30,93.0,75.61538461538461,-0.6762820512820511,plateau,low,7.048622342209261,normal
2017-10-31,75.9,75.33846153846153,-0.6403846153846153,plateau,low,7.18673992636755,normal
2017-11-30,70.7,74.64615384615385,-0.5769230769230754,plateau,low,6.974072863664898,normal
2017-12-31,69.5,74.63076923076923,-0.4608974358974353,plateau,low,6.9732088041055995,normal
2018-01-31,67.8,74.23076923076923,-0.4666666666666662,plateau,low,6.96890529607455,normal
2018-02-28,70.5,73.50769230769231,-0.4698717948717939,plateau,low,6.7946623093021286,normal
2018-03-31,67.6,72.63846153846154,-0.5794871794871786,plateau,low,6.5867972062234195,normal
2018-04-30,70.4,70.8,-0.6519230769230772,plateau,low,2.4936586240600165,normal
2018-05-31,72.5,70.15384615384616,-0.6102564102564104,plateau,low,2.12274012564923,normal
2018-06-30,74.9,69.93846153846154,-0.581410256410256,plateau,low,2.203231891845811,normal
2018-07-31,71.9,69.91538461538461,-0.5512820512820511,plateau,low,2.209768522513756,normal
2018-08-31,70.7,70.0,-0.5160256410256411,plateau,low,2.1420395265608487,normal
2018-09-30,68.9,70.01538461538462,-0.4666666666666662,plateau,low,2.1466431755400364,normal
2018-10-31,69.1,70.43076923076923,-0.4089743589743584,plateau,low,2.162708415927421,normal
2018-11-30,67.5,70.62307692307692,-0.3352564102564107,plateau,low,2.268315765115601,normal
2018-12-31,67.9,70.44615384615385,-0.34871794871794864,plateau,low,2.1983385334629215,normal
2019-01-31,69.2,70.01538461538462,-0.35128205128205064,plateau,low,1.757292497876377,normal
2019-02-28,68.9,69.76923076923077,-0.3115384615384613,plateau,low,1.6942966167872548,normal
2019-03-31,70.7,69.61538461538461,-0.25192307692307736,plateau,low,1.6935397612966336,normal
2019-04-30,73.0,69.46923076923076,-0.11089743589743624,plateau,low,1.8363844075583546,normal
2019-05-31,72.9,69.43076923076923,-0.06025641025641093,plateau,low,1.849948024222155,normal
2019-06-30,70.2,69.52307692307693,-0.034615384615384194,plateau,low,1.773956898275385,normal
2019-07-31,69.3,69.6846153846154,-0.01923076923076768,plateau,low,1.708237958568024,normal
2019-08-31,68.7,69.6846153846154,-0.02628205128205015,plateau,low,1.708237958568024,normal
2019-09-30,68.7,69.73076923076923,-0.023717948717949373,plateau,low,1.6933126386829496,normal
2019-10-31,67.0,69.68461538461538,-0.062179487179487104,plateau,low,1.6727453252341344,normal
2019-11-30,68.6,69.5,-0.09358974358974355,plateau,low,1.3838352503154974,normal
2019-12-31,68.7,69.42307692307692,-0.08525641025641069,plateau,low,1.1938410322451547,normal
2020-01-31,70.0,69.53846153846153,-0.03974358974359049,plateau,low,1.3388667232326947,normal
2020-02-29,69.2,69.85384615384615,0.007051282051281286,plateau,low,1.7095883445168945,normal
2020-03-31,69.5,70.06153846153846,0.037179487179487346,plateau,low,1.7216941567091548,normal
2020-04-30,70.1,70.47692307692307,0.08397435897435912,plateau,low,1.995475651803019,normal
2020-05-31,70.6,72.10769230769232,0.22307692307692406,plateau,low,5.125339263318859,normal
2020-06-30,71.9,73.3076923076923,0.3153846153846149,plateau,low,5.989081946685792,normal
2020-07-31,71.7,73.68461538461538,0.33333333333333215,plateau,low,5.826926884996238,normal
2020-08-31,73.4,73.83846153846153,0.3461538461538443,plateau,low,5.7473962889798305,normal
2020-09-30,71.4,74.23076923076923,0.375,plateau,low,5.575898225905488,normal
2020-10-31,74.1,74.66923076923078,0.4153846153846163,plateau,low,5.394037543960543,normal
2020-11-30,88.2,75.21538461538462,0.4762820512820518,plateau,low,5.2503723921665815,normal
2020-12-31,84.2,76.08461538461539,0.5551282051282058,plateau,low,5.356903047136926,normal
2021-01-31,73.6,76.97692307692309,0.6198717948717961,plateau,low,5.563894596138352,normal
2021-02-28,72.0,77.6,0.6455128205128204,plateau,low,5.374011537019099,normal
2021-03-31,74.3,78.75384615384615,0.7243589743589745,plateau,low,5.97391766830666,normal
2021-04-30,75.2,80.14615384615385,0.8057692307692316,rising,low,6.221282743484087,normal
2021-05-31,77.2,80.96923076923076,0.7384615384615371,plateau,low,6.060443412737068,normal
2021-06-30,81.9,81.84615384615384,0.7115384615384611,plateau,low,7.775883163626661,normal
2021-07-31,83.5,83.1,0.7846153846153842,rising,low,9.343268521597784,normal
2021-08-31,79.8,85.61538461538461,0.9814102564102569,rising,low,10.852407271649756,normal
2021-09-30,88.4,88.97692307692309,1.228846153846155,rising,medium,12.86501417580261,normal
2021-10-31,89.5,93.3923076923077,1.5602564102564098,rising,medium,16.689590644993288,normal
2021-11-30,84.8,98.11538461538461,1.9083333333333325,rising,medium,19.554319478223242,normal
2021-12-31,99.6,101.37692307692306,2.107692307692306,rising,medium,19.309546596013067,normal
2022-01-31,100.5,105.05384615384615,2.339743589743589,rising,medium,19.835557944619765,normal
2022-02-28,106.3,107.67692307692306,2.5064102564102555,rising,medium,18.984166817208457,normal
2022-03-31,115.7,112.0153846153846,2.771794871794871,rising,medium,18.52146710144074,normal
2022-04-30,131.7,115.39230769230768,2.937179487179486,rising,medium,17.84672993102033,normal
2022-05-31,136.6,117.80000000000001,3.0692307692307708,rising,medium,16.087106638547755,normal
2022-06-30,119.6,122.3307692307692,3.3737179487179474,rising,medium,14.20236979142263,normal
2022-07-31,129.7,128.26153846153846,3.7634615384615393,rising,medium,19.154091750047453,normal
2022-08-31,117.6,133.2153846153846,3.9666666666666663,rising,medium,19.696016778097064,normal
2022-09-30,136.2,137.0076923076923,4.002564102564102,rising,medium,18.807953173168677,normal
2022-10-31,132.3,139.3846153846154,3.8326923076923074,rising,medium,17.817166167951985,normal
2022-11-30,120.8,141.46153846153845,3.612179487179487,rising,medium,18.410528620943133,normal
2022-12-31,143.7,143.7923076923077,3.5346153846153867,rising,high,19.62190364271785,normal
2023-01-31,176.7,148.6076923076923,3.6294871794871795,rising,high,20.83400511737408,high
2023-02-28,164.9,150.73076923076923,3.587820512820514,rising,high,20.141432612709234,normal
2023-03-31,155.6,153.71538461538464,3.4750000000000028,rising,high,17.5281129500509,normal
2023-04-30,146.6,154.1076923076923,3.226282051282052,rising,high,17.15655664454363,normal
2023-05-31,158.7,155.48461538461538,3.140384615384614,rising,high,15.935330043326417,normal
2023-06-30,166.9,157.43076923076922,2.9250000000000007,rising,high,12.526730393800758,normal
2023-07-31,182.2,158.6153846153846,2.529487179487179,rising,high,11.828767627683815,normal
2023-08-31,157.3,158.02307692307693,2.0673076923076934,rising,high,11.012353203422066,normal
2023-09-30,156.4,157.12307692307692,1.676282051282051,rising,high,10.880805258661717,normal
2023-10-31,141.3,157.6769230769231,1.5243589743589752,rising,high,10.979613976680618,normal
2023-11-30,150.2,161.1153846153846,1.6378205128205134,rising,high,13.846590805070882,normal
2023-12-31,146.1,163.56923076923078,1.6480769230769237,rising,high,16.036332946124883,normal
2024-01-31,159.1,166.3153846153846,1.4756410256410248,rising,high,19.365426501622395,normal
2024-02-29,169.0,171.6076923076923,1.7397435897435898,rising,high,30.352497468315462,high
2024-03-31,153.2,174.76923076923077,1.7544871794871781,rising,high,30.87402858432366,high
2024-04-30,162.8,179.63076923076926,2.1269230769230796,rising,high,32.664440007837776,high
2024-05-31,191.3,183.77692307692308,2.3576923076923086,rising,high,30.758824041407166,high
2024-06-30,190.6,186.90000000000003,2.455769230769235,rising,high,29.08089292530963,high
2024-07-31,202.6,189.73846153846156,2.593589743589746,rising,high,26.448394357740387,high
2024-08-31,251.0,191.29999999999998,2.773076923076921,rising,high,25.051081147660184,high
2024-09-30,198.4,190.76923076923077,2.803846153846154,rising,high,25.62935766575049,high
2024-10-31,219.6,191.53846153846155,2.8217948717948715,rising,high,24.53448384286668,high
2024-11-30,195.2,189.6307692307692,2.376282051282049,rising,high,27.71348602562112,high
2024-12-31,190.8,185.33076923076925,1.8134615384615387,rising,high,31.509611883132287,high
2025-01-31,183.0,181.60769230769228,1.2743589743589727,rising,high,33.62361425988329,high
2025-02-28,179.4,178.27692307692308,0.5557692307692316,plateau,high,33.515298841129976,high
2025-03-31,162.1,170.93846153846152,-0.31923076923077076,plateau,high,25.827651153416124,high
2025-04-30,163.2,166.34615384615384,-1.107051282051285,falling,high,25.845425623135316,high
2025-05-31,138.0,160.06153846153848,-1.9762820512820507,falling,high,21.361161737350006,high
